ID,Class
10004,buildings
10005,mountain
10012,street
10013,mountain
10017,mountain
10021,forest
1003,sea
10034,glacier
10038,sea
10040,street
10043,sea
10045,street
10047,mountain
10048,buildings
10052,buildings
10054,mountain
10059,forest
10060,forest
10066,mountain
10069,sea
10073,street
10079,street
1008,street
10082,street
10083,glacier
10090,buildings
10092,forest
10096,mountain
101,glacier
10100,mountain
10101,sea
10102,sea
10106,mountain
10109,sea
10119,mountain
10124,mountain
10127,sea
10129,mountain
10132,glacier
10133,mountain
10147,sea
10157,street
10158,glacier
10159,street
1016,sea
10164,forest
10166,mountain
10168,glacier
10169,street
10171,glacier
10173,buildings
10175,buildings
10178,forest
10179,buildings
1018,forest
10187,sea
10190,glacier
10199,street
1020,buildings
10201,street
10208,buildings
10209,forest
10211,glacier
10212,sea
10225,forest
10226,mountain
10232,glacier
10233,street
10241,forest
10243,mountain
10244,glacier
10246,forest
10247,sea
10253,street
1026,forest
10261,forest
10269,mountain
10270,sea
10272,glacier
10276,glacier
10277,street
10282,mountain
10284,mountain
10286,forest
10287,forest
10288,mountain
10290,buildings
10292,forest
10293,glacier
103,buildings
10302,mountain
10305,buildings
10307,glacier
10308,forest
10311,forest
10321,buildings
10333,sea
10336,mountain
10339,sea
10340,street
10342,sea
10352,street
10356,buildings
1036,mountain
10360,forest
10363,glacier
10366,sea
1037,street
10371,forest
10375,street
10377,sea
10381,buildings
10388,forest
1039,buildings
10390,buildings
10391,mountain
10395,street
10397,sea
10400,mountain
10401,mountain
10405,mountain
10406,mountain
10409,mountain
10410,sea
10413,street
10414,buildings
10415,buildings
10419,glacier
10423,buildings
10424,forest
10425,sea
10427,mountain
10434,glacier
10435,forest
10436,mountain
10437,buildings
10439,glacier
10445,forest
10447,forest
10457,buildings
10458,forest
1046,sea
10461,street
10469,sea
10471,glacier
10475,glacier
10477,street
10478,sea
10479,forest
1048,glacier
10481,forest
10484,mountain
10486,buildings
1049,street
10498,glacier
10501,glacier
1051,glacier
10512,street
1052,forest
10522,forest
10523,forest
1053,buildings
10530,glacier
10531,street
10534,glacier
10535,mountain
10538,mountain
10545,sea
10549,forest
10557,mountain
10558,glacier
10560,street
10561,forest
10568,mountain
10572,mountain
10579,forest
10583,forest
10585,forest
10586,street
10587,street
10590,street
10591,buildings
10593,buildings
1060,glacier
1061,mountain
10612,sea
10614,forest
10615,sea
10622,forest
10625,sea
10629,sea
10631,sea
10634,mountain
10638,street
10649,sea
10651,glacier
10652,mountain
10657,forest
1066,mountain
10660,glacier
10669,street
10674,mountain
10675,buildings
10676,mountain
10677,glacier
10679,buildings
10680,forest
10682,glacier
10685,sea
10694,sea
10696,mountain
10698,forest
1070,forest
10700,buildings
10701,glacier
10702,mountain
10708,sea
1071,sea
10712,street
1072,sea
10726,forest
10733,street
10734,forest
10737,street
10742,sea
10746,buildings
10748,forest
10749,buildings
10755,forest
10758,street
1076,forest
10760,glacier
10762,glacier
10764,street
10768,forest
10769,mountain
10771,street
10782,street
10785,mountain
10797,buildings
10799,mountain
10806,sea
10807,street
1081,buildings
10813,sea
10814,street
10816,glacier
10817,street
10818,street
10819,glacier
1082,buildings
10823,buildings
10829,forest
1083,street
10830,street
10836,glacier
10839,glacier
1084,buildings
10843,buildings
10844,sea
10855,buildings
10858,forest
1086,glacier
10860,street
10864,glacier
10866,sea
10869,mountain
10871,street
10873,forest
10875,mountain
10879,forest
10880,buildings
10885,mountain
10888,mountain
10890,mountain
10893,sea
10894,sea
10897,glacier
10901,sea
10905,sea
10906,street
10910,forest
10913,street
10914,buildings
10918,sea
10919,glacier
1092,glacier
10920,buildings
10923,forest
10930,sea
10931,buildings
10933,mountain
10934,buildings
10939,mountain
10944,mountain
10945,buildings
10949,street
1095,mountain
10952,buildings
10956,mountain
10957,mountain
10960,buildings
10964,glacier
10968,street
10969,glacier
10976,buildings
10979,glacier
10981,mountain
10987,street
10988,glacier
10989,forest
10991,forest
10998,forest
10999,street
11,sea
110,glacier
11000,sea
11001,glacier
11005,buildings
11009,glacier
1101,street
11012,street
11013,sea
11014,street
11015,mountain
11017,sea
1102,sea
11021,forest
11022,sea
11025,glacier
11031,sea
11038,buildings
11059,glacier
11061,forest
11065,glacier
11067,glacier
11071,glacier
11073,buildings
11078,buildings
11079,sea
11082,buildings
11087,forest
1109,street
11091,buildings
11101,forest
11102,sea
11103,glacier
11104,street
11105,street
11109,street
11115,mountain
11119,street
11120,sea
11121,mountain
11123,sea
11126,sea
1113,sea
11130,street
11135,street
11137,mountain
1114,street
11145,buildings
11147,street
11153,glacier
11155,glacier
11158,mountain
11159,street
11163,sea
11166,mountain
11167,mountain
11170,street
11172,mountain
11174,sea
11175,street
11179,street
1119,sea
11191,street
11192,glacier
11193,mountain
11194,street
11195,glacier
11201,sea
11205,buildings
11208,forest
11210,buildings
11214,buildings
11216,street
11222,sea
11224,buildings
11227,buildings
1123,sea
11230,sea
11240,forest
11242,glacier
11243,glacier
11245,buildings
11248,glacier
1125,glacier
11250,street
11252,sea
11256,forest
11258,street
11260,sea
11269,sea
11273,street
11285,buildings
11298,street
11299,glacier
1130,glacier
11301,glacier
11308,mountain
11318,sea
11322,street
11324,glacier
11328,mountain
11330,forest
11335,street
11337,forest
11341,mountain
11353,mountain
11356,mountain
11357,mountain
1136,sea
11361,glacier
11370,street
11386,sea
11391,mountain
11392,glacier
11394,glacier
11397,street
11399,buildings
11403,forest
11408,glacier
1141,glacier
11411,street
11420,street
11422,glacier
11423,glacier
11427,buildings
1143,forest
11430,mountain
11431,street
11433,glacier
11435,mountain
11443,buildings
11444,forest
11445,glacier
11449,street
11454,mountain
11461,sea
11462,mountain
11463,glacier
11478,sea
11481,sea
11485,mountain
11486,street
11488,buildings
11496,sea
1150,street
11500,mountain
11501,mountain
11509,forest
11511,mountain
11517,forest
11520,street
11521,mountain
11525,sea
11527,street
11529,glacier
11531,buildings
11533,buildings
11538,mountain
11540,sea
11546,mountain
11547,forest
11548,glacier
11549,mountain
11551,sea
11564,street
11565,glacier
11566,buildings
11571,glacier
11572,buildings
11573,buildings
11574,street
11575,forest
11576,sea
11577,sea
1158,glacier
11580,buildings
11581,street
11584,buildings
11585,mountain
11588,street
11589,forest
11593,buildings
11596,sea
11603,mountain
11607,sea
11615,glacier
11617,forest
11619,mountain
1162,glacier
11623,forest
11633,street
11634,buildings
11638,sea
1164,street
11643,glacier
11645,mountain
11648,glacier
11651,mountain
1166,sea
11666,forest
11668,forest
11671,mountain
11674,buildings
11678,glacier
1168,forest
11682,sea
11686,mountain
11688,street
1169,buildings
11693,mountain
11695,mountain
117,glacier
1170,sea
11703,sea
11704,glacier
11705,street
11711,mountain
11715,street
11720,street
11726,glacier
11729,glacier
1173,buildings
11730,buildings
11738,glacier
1174,buildings
11742,forest
11752,forest
11756,buildings
11757,glacier
11758,street
1176,buildings
11761,mountain
11763,buildings
11766,mountain
11767,forest
11769,mountain
11771,glacier
11773,glacier
11776,buildings
11778,sea
11781,glacier
11789,street
11791,mountain
11792,buildings
11793,mountain
11798,mountain
1180,forest
11802,forest
11805,street
11809,sea
11811,mountain
11817,mountain
11818,mountain
11819,glacier
11820,buildings
11822,sea
11832,forest
11835,forest
11838,forest
11839,forest
11848,forest
11849,buildings
11853,glacier
11854,mountain
11863,mountain
1187,sea
11870,glacier
11874,street
11879,forest
11881,glacier
11884,sea
11885,street
11886,street
11890,street
11891,sea
11895,buildings
11897,buildings
119,glacier
1190,sea
11900,street
11901,buildings
11903,buildings
11904,buildings
11907,mountain
11909,street
11912,sea
11915,street
11916,sea
11919,street
11920,sea
11930,mountain
11935,glacier
11942,sea
11948,mountain
11949,forest
11950,sea
11953,sea
11958,forest
11962,forest
11965,mountain
11968,street
1197,forest
11971,buildings
11972,buildings
11975,glacier
11983,buildings
11984,forest
11995,mountain
11996,forest
11997,sea
11998,sea
1200,mountain
12006,sea
12012,street
12015,glacier
12017,buildings
1202,glacier
12022,glacier
12023,sea
12026,glacier
12033,glacier
12036,buildings
12037,forest
12041,mountain
12045,forest
12052,forest
12056,mountain
12057,buildings
1206,buildings
12061,sea
12062,mountain
1207,forest
12072,street
12073,mountain
12076,glacier
12078,sea
12079,sea
12080,buildings
12082,mountain
12085,sea
12086,forest
12087,buildings
12088,glacier
12090,mountain
12095,mountain
12098,mountain
12099,sea
121,street
12100,buildings
12109,glacier
1211,glacier
12112,glacier
12115,street
12124,buildings
12128,buildings
12132,street
12133,sea
12137,mountain
12139,sea
1214,buildings
12141,buildings
12150,street
12153,glacier
12155,sea
12163,buildings
12176,street
12180,forest
12182,street
12183,forest
12184,street
12189,glacier
12192,sea
12199,mountain
12201,mountain
12205,glacier
12207,forest
12211,sea
12215,sea
1222,mountain
12229,forest
1223,glacier
12234,street
12246,street
12250,glacier
12251,mountain
12253,glacier
12254,mountain
12259,glacier
1226,forest
12261,forest
12264,street
12267,forest
12269,street
1227,sea
12271,buildings
12275,street
12276,mountain
12278,street
12279,glacier
12284,street
12285,forest
12286,street
12289,forest
12291,street
12293,street
12297,forest
12298,buildings
12302,sea
12305,mountain
12312,forest
12318,sea
12321,buildings
12325,glacier
12326,glacier
12329,buildings
12331,sea
12332,glacier
12334,glacier
12335,forest
1234,buildings
12340,street
12341,forest
12347,buildings
12350,sea
12351,sea
12352,forest
12354,sea
12355,street
12356,street
12359,buildings
12361,mountain
12362,buildings
12363,mountain
12371,street
12373,mountain
12374,sea
12376,sea
12377,street
1239,mountain
12390,glacier
12394,street
12395,mountain
12399,mountain
12402,buildings
12407,street
12409,buildings
1241,sea
12413,sea
12419,street
12420,sea
12421,forest
12422,glacier
12423,buildings
12437,buildings
12443,street
12446,glacier
1245,buildings
12453,sea
12459,sea
12461,sea
12464,forest
1247,glacier
12475,sea
12476,mountain
12480,street
12484,street
12486,glacier
12491,buildings
12497,glacier
12498,sea
12501,buildings
12514,forest
12516,forest
12525,mountain
12527,forest
1253,glacier
12537,sea
12541,mountain
12545,buildings
1255,mountain
12550,sea
12553,street
12554,glacier
12557,mountain
12563,mountain
12564,buildings
12573,buildings
12575,sea
12577,glacier
1258,mountain
12582,forest
12586,mountain
12587,buildings
126,street
12606,forest
12607,street
12608,buildings
12609,forest
12612,sea
12614,glacier
12625,mountain
12626,forest
12628,mountain
12631,forest
12635,buildings
1264,forest
12642,glacier
12643,sea
12645,mountain
12648,mountain
12650,street
12662,mountain
12670,mountain
12675,sea
12677,buildings
1268,glacier
12683,buildings
12686,glacier
12687,buildings
127,glacier
12700,glacier
12707,mountain
12709,glacier
1271,forest
12712,glacier
12715,mountain
12722,street
12724,buildings
12725,street
12730,sea
12731,forest
1274,sea
12749,sea
12751,sea
12753,buildings
12756,buildings
1276,buildings
12763,glacier
12764,mountain
12765,buildings
1277,sea
12774,glacier
12778,sea
12781,street
12784,sea
12785,forest
1279,buildings
12791,street
12796,street
12797,forest
12800,forest
12804,glacier
12809,sea
12812,glacier
12813,forest
12816,street
12824,sea
12825,sea
12828,mountain
1283,glacier
12830,forest
12831,mountain
12832,glacier
12833,sea
12834,sea
12835,buildings
12836,street
12838,street
12841,buildings
12842,buildings
12844,sea
12847,buildings
12850,sea
12851,sea
12853,glacier
12854,mountain
12856,buildings
12859,forest
12860,buildings
12866,buildings
12867,glacier
12869,glacier
12879,glacier
1288,mountain
1289,sea
12891,street
12894,mountain
12895,forest
12896,street
12899,buildings
129,sea
1290,mountain
12901,forest
12902,street
12911,forest
12914,street
12918,street
12920,forest
12921,street
12922,glacier
12932,buildings
12936,street
1294,mountain
12941,mountain
12949,sea
12951,sea
12952,glacier
12953,glacier
12954,sea
12959,buildings
12960,street
12961,buildings
12962,forest
12964,forest
12966,mountain
12969,mountain
12970,street
12971,sea
12972,mountain
12975,sea
12977,glacier
12978,forest
12979,buildings
12980,glacier
12984,forest
12985,buildings
12989,forest
12997,buildings
130,sea
1300,sea
13001,glacier
13004,glacier
13007,glacier
13012,sea
13014,buildings
13015,mountain
13016,glacier
13017,buildings
13018,sea
1302,sea
13022,mountain
13028,sea
13029,sea
13031,forest
13034,mountain
13036,mountain
13037,buildings
13039,street
13042,mountain
13047,forest
13055,forest
13060,forest
13062,mountain
13063,mountain
13065,glacier
13066,street
13069,forest
1307,sea
13070,forest
13073,street
13074,glacier
13081,street
13084,glacier
13085,sea
13087,buildings
13088,sea
13091,mountain
13095,glacier
13096,street
13098,mountain
13100,mountain
13101,forest
13102,buildings
13104,street
13109,mountain
13110,street
13116,mountain
13119,forest
13120,glacier
13123,mountain
1313,buildings
13133,glacier
13136,mountain
13137,sea
13138,street
13148,buildings
13150,glacier
13161,glacier
13162,glacier
13163,glacier
13168,sea
13169,buildings
13174,mountain
13176,glacier
13178,street
13179,forest
1319,forest
13192,forest
13193,street
13199,mountain
132,sea
13202,forest
13204,buildings
13208,mountain
13214,street
1322,sea
13224,mountain
13227,forest
13230,mountain
13237,buildings
13239,sea
1324,street
13243,glacier
13246,street
13252,glacier
13255,forest
13256,sea
13260,mountain
13261,street
13262,buildings
13269,mountain
13271,buildings
13275,glacier
1328,sea
13282,forest
13283,street
13290,glacier
13291,glacier
13292,sea
13295,buildings
13296,glacier
13297,glacier
13299,mountain
133,street
1330,street
13302,forest
13303,mountain
13305,glacier
13316,buildings
13318,buildings
13321,sea
13325,sea
13326,street
13329,buildings
13330,sea
13331,buildings
13333,glacier
13335,mountain
1334,sea
13340,sea
13341,mountain
13342,street
13344,sea
13345,forest
13346,forest
13356,glacier
13358,street
13365,sea
13367,sea
13369,glacier
1337,buildings
13370,sea
13373,forest
13379,glacier
1338,glacier
13381,street
13389,street
13390,street
13392,street
13394,mountain
13398,sea
13399,buildings
13407,buildings
13408,buildings
13410,buildings
13413,mountain
13414,forest
13415,buildings
13416,glacier
13424,sea
13428,buildings
13433,glacier
13434,glacier
13436,mountain
13438,street
13441,forest
13443,mountain
13447,mountain
13448,forest
13450,sea
13454,buildings
13457,mountain
13458,forest
13459,buildings
13460,mountain
13461,glacier
13462,forest
13465,glacier
13466,glacier
13467,sea
13468,sea
13469,street
1347,forest
13471,street
13475,forest
13476,forest
1348,forest
13481,buildings
13485,street
13488,glacier
13489,street
1349,sea
13491,forest
13498,mountain
135,sea
13500,mountain
13501,forest
13509,sea
1351,forest
13510,glacier
13512,glacier
13513,forest
13517,forest
13518,glacier
1352,buildings
13520,sea
13529,mountain
13530,buildings
13541,forest
13542,forest
13545,sea
13547,sea
1355,sea
13550,sea
13552,glacier
13554,glacier
13555,sea
13558,glacier
1356,mountain
13561,glacier
13562,forest
13566,mountain
13571,sea
13576,sea
13578,street
13580,buildings
13581,sea
13584,buildings
13585,sea
13589,street
1359,mountain
13591,forest
13595,sea
13598,mountain
1360,mountain
13601,glacier
13604,buildings
13606,glacier
13607,mountain
13610,buildings
13614,glacier
13616,sea
13619,sea
13620,street
13628,glacier
13636,mountain
1364,street
13641,forest
13646,buildings
13647,street
13653,mountain
13657,buildings
13660,sea
13661,sea
13662,sea
13663,forest
13670,glacier
13672,buildings
13683,sea
13684,mountain
13686,glacier
13690,mountain
13693,forest
13694,street
13695,glacier
13696,sea
1370,mountain
13704,mountain
13707,street
13708,street
1371,glacier
13712,street
13713,street
13714,buildings
13718,forest
13724,mountain
13727,mountain
13738,mountain
1374,glacier
13744,street
13751,buildings
13752,sea
13754,buildings
13755,sea
13756,forest
13758,buildings
1376,mountain
13768,glacier
13772,street
13774,street
13778,buildings
13786,mountain
13787,glacier
13795,mountain
13799,sea
13802,forest
13805,buildings
13807,forest
13810,sea
13814,sea
13817,forest
1382,mountain
1383,buildings
13830,mountain
13831,sea
13837,mountain
13838,street
13840,buildings
13845,forest
13850,glacier
13852,mountain
13853,buildings
1386,buildings
13865,forest
13867,sea
13869,street
1387,buildings
13870,forest
13872,buildings
13875,forest
13876,buildings
13877,sea
13878,street
1388,buildings
13883,street
13889,mountain
13891,sea
13894,glacier
13895,street
1390,mountain
13900,glacier
13908,street
13912,buildings
13913,street
13914,street
13917,street
13918,forest
13927,forest
13929,sea
1393,buildings
13931,glacier
13933,glacier
13936,forest
13939,glacier
13944,sea
13945,buildings
13949,street
13950,street
13963,mountain
13964,mountain
13968,buildings
13971,sea
13972,forest
13974,street
13975,glacier
13977,mountain
13979,sea
13984,buildings
13986,forest
13987,buildings
13989,street
13990,forest
14,street
140,buildings
14006,mountain
14011,street
14017,buildings
14018,street
14020,forest
14026,street
14028,street
14032,mountain
1404,glacier
14042,buildings
14044,sea
14046,sea
1405,forest
14050,mountain
14051,sea
14053,glacier
14055,street
14061,forest
14065,glacier
14066,forest
14068,sea
14069,buildings
14082,sea
14083,glacier
14084,street
14085,glacier
14086,glacier
14088,street
1409,forest
14090,sea
14093,street
14098,sea
141,street
14101,street
14102,buildings
14108,buildings
14112,mountain
14113,mountain
14119,sea
14120,forest
14121,sea
14128,mountain
14132,glacier
14137,sea
14138,glacier
14139,buildings
1414,forest
14149,buildings
14150,forest
14151,street
14155,glacier
14157,glacier
14162,sea
14163,street
14166,street
14169,buildings
14172,sea
14176,forest
1418,buildings
14181,sea
14186,mountain
1419,mountain
14193,mountain
14195,forest
14197,street
14199,mountain
14200,forest
14201,buildings
14204,glacier
14206,street
14208,glacier
14210,buildings
14211,glacier
14215,forest
14222,buildings
14234,glacier
14235,sea
14236,street
14240,street
14241,forest
14248,sea
14251,buildings
14253,mountain
14254,glacier
14265,street
14267,mountain
1427,street
14271,forest
14272,mountain
14276,mountain
14277,street
1428,mountain
14292,mountain
14293,street
143,mountain
14302,forest
14303,glacier
14306,street
14308,sea
1431,forest
14310,mountain
14320,glacier
14326,street
14327,street
1433,glacier
14335,sea
14339,mountain
14345,sea
14346,buildings
14347,sea
14348,street
14350,forest
14351,forest
14352,forest
14356,buildings
14357,sea
14359,mountain
1436,forest
14361,buildings
14364,glacier
14367,mountain
14369,sea
14370,glacier
14374,sea
14376,sea
1438,forest
14380,forest
14381,buildings
14384,forest
14386,street
14387,street
14391,street
14395,glacier
144,buildings
1440,glacier
14401,sea
14402,glacier
14405,buildings
14406,forest
14413,buildings
14414,mountain
14415,forest
14417,mountain
14421,sea
14424,sea
14426,mountain
14427,street
14428,glacier
14438,mountain
1444,forest
14444,buildings
14445,forest
14450,glacier
14453,mountain
14457,forest
14463,mountain
14473,sea
14476,forest
14478,mountain
1448,glacier
14481,street
14484,mountain
14485,mountain
14487,forest
1449,buildings
14490,buildings
14493,glacier
14496,sea
14498,glacier
145,buildings
14501,mountain
14506,forest
14508,mountain
1451,forest
14511,mountain
14513,buildings
1452,mountain
14520,glacier
14522,street
14524,glacier
14526,forest
14528,forest
14530,buildings
14531,buildings
14539,buildings
14542,sea
14549,buildings
14557,buildings
14558,street
1456,mountain
14561,mountain
14562,sea
14566,mountain
14571,forest
14574,glacier
14580,buildings
14581,mountain
14583,mountain
14587,forest
14589,buildings
1459,buildings
14594,sea
14596,sea
14601,glacier
14604,street
14606,buildings
14610,mountain
14611,sea
14613,mountain
14614,sea
14616,street
14618,sea
14624,mountain
14625,buildings
1463,glacier
14631,glacier
14636,forest
14645,buildings
14650,buildings
14653,glacier
14656,mountain
14657,mountain
14664,street
14666,buildings
1467,glacier
14672,sea
14678,buildings
14679,mountain
1468,forest
14682,street
14684,street
14685,glacier
14688,glacier
14695,street
14696,buildings
14697,glacier
14699,buildings
1470,sea
14701,forest
14715,glacier
14718,sea
14722,street
14724,sea
14729,buildings
14730,buildings
14732,forest
14735,buildings
14737,forest
14739,mountain
1474,glacier
14742,street
14747,forest
14753,buildings
14755,street
14757,sea
14759,forest
14762,forest
14765,sea
14768,mountain
14771,buildings
14772,glacier
14774,glacier
14775,glacier
14776,buildings
14779,mountain
1478,sea
14784,mountain
14787,glacier
1479,mountain
14790,buildings
14793,sea
14796,forest
14800,glacier
14801,mountain
14806,glacier
14811,forest
14813,street
14814,sea
14815,buildings
14819,buildings
14821,buildings
14822,sea
14828,forest
14829,sea
1483,mountain
14835,mountain
14841,forest
14842,buildings
14850,buildings
14855,glacier
14858,street
14859,sea
14862,glacier
14877,buildings
14878,buildings
14886,sea
14890,mountain
14891,glacier
14893,mountain
14895,glacier
14899,buildings
149,forest
14901,street
14906,mountain
14908,glacier
14913,mountain
14919,buildings
1492,glacier
14921,mountain
14922,street
14925,buildings
14926,buildings
14929,street
14930,buildings
14937,glacier
14939,sea
1494,mountain
14942,forest
14944,buildings
14945,glacier
14953,glacier
14954,street
14957,forest
14960,forest
14963,mountain
14965,sea
14970,street
14971,street
14973,glacier
14975,forest
14976,forest
14977,forest
14981,mountain
14982,buildings
14983,buildings
14992,glacier
14996,mountain
14998,mountain
15002,street
15004,street
15006,glacier
15007,mountain
15010,street
15012,glacier
15013,mountain
15014,forest
15018,sea
15021,forest
15022,mountain
15023,street
15027,mountain
15031,buildings
1504,forest
15040,glacier
15041,sea
15046,street
15049,street
15053,sea
15057,forest
15063,sea
15066,glacier
15068,forest
15075,street
15077,forest
15079,mountain
15080,mountain
15081,glacier
15083,street
15089,forest
1509,sea
15095,glacier
15099,glacier
15101,mountain
15105,buildings
1511,buildings
15111,sea
15112,sea
15113,sea
15114,forest
15116,buildings
15119,glacier
15123,sea
15128,street
15129,buildings
15130,forest
15131,sea
15134,forest
15136,forest
15137,street
15139,mountain
15148,buildings
15149,forest
1515,street
15151,mountain
15157,mountain
15158,street
15161,glacier
15162,glacier
15170,buildings
15172,glacier
15173,mountain
15177,street
15178,street
15179,buildings
15186,sea
15187,glacier
15193,mountain
15197,street
152,forest
15200,glacier
15201,street
15208,buildings
1521,buildings
15219,buildings
1522,mountain
15220,street
15224,glacier
15229,mountain
15230,forest
15237,street
1524,forest
15240,forest
15241,sea
15244,buildings
1525,sea
15252,forest
15253,street
15262,street
15266,sea
15272,buildings
15274,forest
15276,buildings
15278,buildings
15282,mountain
15283,street
15286,buildings
15297,glacier
15302,mountain
15303,buildings
15305,buildings
15309,buildings
15312,buildings
15314,sea
15315,forest
15318,sea
15325,forest
15333,glacier
15336,street
15337,mountain
1534,mountain
15340,street
15342,glacier
15349,glacier
1535,mountain
15350,glacier
15351,glacier
15353,mountain
15357,glacier
1536,mountain
15360,street
15365,glacier
15366,buildings
15368,street
15375,forest
15378,buildings
15381,sea
15387,forest
15388,mountain
15391,buildings
15392,street
15394,forest
15396,forest
15399,glacier
15403,glacier
15406,mountain
15415,forest
15417,street
15420,forest
15427,glacier
15431,glacier
15437,street
15438,forest
1544,sea
15441,street
15442,street
1545,mountain
15450,street
15452,glacier
15455,buildings
15458,forest
15461,glacier
1547,mountain
15485,glacier
15489,glacier
15490,forest
15492,buildings
15500,sea
15506,mountain
15508,forest
1551,mountain
15513,buildings
15519,glacier
15520,sea
15524,buildings
15525,sea
15527,street
15537,mountain
15543,street
15548,forest
15552,sea
15555,street
15563,forest
15566,buildings
1557,buildings
15576,buildings
15578,glacier
15583,forest
15591,glacier
156,buildings
15602,forest
15603,mountain
1561,street
15610,glacier
15612,buildings
15619,sea
15621,sea
15623,sea
15629,forest
15630,forest
15631,street
15632,sea
15634,mountain
15638,glacier
15642,sea
15643,forest
15645,buildings
15646,buildings
15647,glacier
15648,street
15649,mountain
15652,mountain
15658,buildings
15662,sea
15663,buildings
15669,street
15670,forest
15676,buildings
15678,forest
15679,sea
1568,sea
15685,glacier
15686,sea
15688,sea
15698,buildings
15700,buildings
15706,buildings
15707,street
15710,buildings
15712,buildings
15713,glacier
15717,buildings
15720,mountain
15722,buildings
15723,street
15726,buildings
15727,glacier
15728,forest
15731,sea
15733,forest
15735,buildings
15737,mountain
15738,buildings
15744,forest
15745,sea
15746,mountain
15747,sea
15750,glacier
15758,sea
15762,glacier
15764,forest
15765,mountain
15766,sea
1577,street
15772,buildings
15779,mountain
1578,street
15781,street
15786,street
15788,mountain
1579,glacier
15801,street
15805,forest
1581,glacier
15825,mountain
15829,glacier
1583,glacier
15830,buildings
15832,glacier
15834,street
15836,forest
15838,street
15840,street
15846,sea
15847,buildings
15848,mountain
15849,buildings
1585,sea
15850,street
15859,sea
15863,forest
15866,sea
15868,buildings
15870,street
15878,street
15879,glacier
15881,mountain
15887,forest
15888,street
15890,mountain
15891,glacier
15895,forest
15896,buildings
15900,forest
15902,mountain
15904,sea
15909,forest
15910,street
15912,mountain
15914,buildings
15916,buildings
15917,mountain
15918,sea
15922,glacier
15924,sea
15927,glacier
15928,glacier
15929,buildings
15933,mountain
15934,glacier
15935,forest
15941,mountain
15946,mountain
15947,glacier
15951,street
15954,glacier
15958,buildings
1596,glacier
15963,sea
15964,sea
15967,forest
15969,sea
15974,sea
15975,forest
15979,sea
1598,forest
15980,forest
15981,sea
15983,sea
15984,buildings
15993,mountain
15994,buildings
16000,forest
16014,forest
16015,buildings
16023,sea
16028,street
16029,mountain
16033,mountain
16035,buildings
16039,glacier
16040,forest
16042,street
16045,mountain
16051,glacier
16056,mountain
16058,forest
16063,glacier
16068,glacier
16071,forest
16075,street
16084,buildings
16089,buildings
16093,sea
16094,glacier
16096,forest
16098,buildings
16099,glacier
161,sea
16102,forest
16106,mountain
16107,glacier
16110,glacier
16117,street
16119,forest
16120,glacier
16121,buildings
16125,street
16127,buildings
16129,sea
16135,buildings
1614,mountain
16140,forest
16145,mountain
16146,street
16148,glacier
16151,glacier
16158,mountain
16161,buildings
16167,street
16169,buildings
1617,street
16177,street
16178,sea
16181,forest
16186,mountain
16193,mountain
16196,glacier
16197,buildings
1620,forest
16202,mountain
16204,buildings
16210,street
16213,forest
16216,mountain
16217,forest
16220,mountain
16224,forest
16228,mountain
16229,sea
16230,glacier
16232,mountain
16233,mountain
16235,glacier
1624,sea
16242,sea
16256,street
16263,sea
16264,buildings
16265,street
16266,mountain
1627,buildings
16270,street
16271,street
16273,mountain
16275,street
16277,buildings
16291,mountain
16298,buildings
16299,sea
16300,buildings
16304,glacier
16305,glacier
1631,street
16313,forest
16317,buildings
16318,mountain
16319,sea
16323,street
16327,street
16328,forest
16329,mountain
16332,mountain
16337,mountain
1634,mountain
16343,forest
16344,sea
16347,sea
16351,forest
16353,forest
16357,mountain
16360,sea
16361,mountain
16373,street
16378,glacier
16379,buildings
1638,street
16380,buildings
16384,sea
16393,street
16396,street
16397,mountain
16401,mountain
16403,buildings
16405,mountain
16406,glacier
16408,mountain
16410,mountain
16411,forest
16412,mountain
16415,sea
16424,forest
16428,glacier
16429,forest
16436,buildings
1644,forest
16442,sea
16444,buildings
16445,mountain
16446,sea
16447,mountain
16449,street
16454,buildings
16461,forest
16462,sea
16464,mountain
16465,buildings
16471,forest
16475,buildings
16477,street
16480,glacier
16484,street
16486,forest
16487,mountain
1649,mountain
16497,forest
16499,street
16501,glacier
16508,mountain
16514,street
16519,glacier
1652,glacier
16524,glacier
16526,sea
1653,mountain
16530,mountain
16532,mountain
16535,glacier
16536,mountain
16539,street
16541,buildings
16542,mountain
16546,buildings
16548,glacier
1655,street
16551,sea
16552,buildings
16553,sea
16554,buildings
16558,mountain
16576,mountain
16587,street
16591,mountain
16597,buildings
16601,glacier
16603,glacier
16605,mountain
16606,street
16608,glacier
16617,mountain
16619,sea
16622,mountain
16626,buildings
16628,forest
16630,mountain
16632,glacier
16634,street
16635,street
16637,mountain
16639,street
1664,street
16649,sea
16650,sea
16653,sea
16656,street
16660,glacier
16662,mountain
16663,sea
16666,buildings
16676,sea
16678,street
16680,street
16684,mountain
16685,mountain
16686,mountain
16687,glacier
16688,mountain
16689,sea
16690,glacier
16698,sea
16699,mountain
16702,buildings
16704,forest
16706,mountain
1671,forest
16713,buildings
16714,street
16718,sea
16722,mountain
16724,glacier
16725,mountain
16729,forest
16737,forest
16738,sea
16742,mountain
16743,mountain
16747,glacier
16749,glacier
16751,mountain
16754,glacier
16758,street
16759,sea
16760,forest
16766,glacier
16767,buildings
16772,sea
16777,forest
16779,glacier
1678,glacier
16780,forest
16781,mountain
16782,forest
16784,glacier
16787,mountain
16789,glacier
16790,glacier
16791,sea
16794,buildings
16796,forest
1680,mountain
16803,forest
1681,sea
16814,street
16815,glacier
16816,street
16818,glacier
16819,mountain
16820,street
16822,mountain
16825,forest
16836,street
16838,mountain
16839,mountain
16840,street
16841,mountain
16844,glacier
16846,glacier
16849,street
16850,glacier
16851,forest
16854,glacier
16858,mountain
16859,forest
16860,buildings
16864,glacier
16866,sea
16877,buildings
16878,buildings
1688,sea
16881,forest
16883,forest
16886,buildings
16890,sea
16892,forest
16893,mountain
16894,mountain
169,buildings
16900,mountain
16907,buildings
16908,sea
16909,forest
16915,forest
16918,buildings
16921,street
16922,forest
16924,buildings
16934,glacier
16937,sea
1694,glacier
16940,mountain
16941,glacier
16945,sea
16947,buildings
16950,street
16955,sea
16957,glacier
16958,forest
16961,forest
16964,mountain
16967,glacier
16968,street
16970,glacier
16976,mountain
16978,sea
16986,buildings
16987,forest
16993,glacier
16995,forest
16996,glacier
16997,forest
16999,mountain
17003,street
17010,glacier
17012,street
17016,forest
17023,mountain
17035,mountain
17037,glacier
17039,mountain
1704,forest
17041,forest
17046,glacier
17048,sea
17050,street
17052,glacier
17054,glacier
17057,mountain
17059,street
17062,glacier
17068,glacier
17071,forest
17079,sea
1708,street
17080,street
17082,buildings
17083,buildings
17084,street
17086,sea
17088,buildings
17090,forest
171,sea
17100,forest
17103,sea
17108,sea
17109,street
17115,street
17116,mountain
17118,buildings
1712,sea
17121,street
17125,forest
17127,mountain
17128,sea
17129,forest
1713,mountain
17132,sea
17133,mountain
17134,buildings
17140,forest
17145,mountain
17146,mountain
17147,mountain
17148,sea
17150,sea
17153,glacier
17155,buildings
17157,mountain
17158,sea
17159,sea
17160,mountain
17162,street
17163,glacier
17167,street
1717,buildings
17172,glacier
17177,forest
17182,buildings
17185,mountain
17186,mountain
17188,street
17192,glacier
17195,mountain
17196,sea
17197,sea
17199,sea
172,forest
17203,sea
17208,forest
17210,street
17213,buildings
17215,forest
17218,sea
17219,buildings
1722,glacier
17223,street
17224,sea
17231,buildings
17233,glacier
1724,buildings
17241,buildings
17243,street
17245,sea
17247,glacier
17251,buildings
17253,glacier
17254,street
17255,buildings
17256,mountain
1726,forest
17261,glacier
17266,sea
17269,sea
1727,buildings
17271,street
17276,street
17279,street
17280,glacier
17281,mountain
17282,sea
17288,buildings
17289,forest
17290,glacier
17292,forest
17293,street
17294,mountain
173,mountain
17300,glacier
17303,forest
17304,glacier
17307,street
17310,street
17316,glacier
17326,glacier
17327,glacier
17334,mountain
17340,glacier
17342,glacier
17349,mountain
17351,buildings
17357,mountain
17358,mountain
17365,forest
17366,sea
17367,street
17369,street
1737,buildings
17375,sea
17376,forest
17377,buildings
17382,glacier
17383,buildings
17386,sea
17388,sea
17391,buildings
17392,glacier
17395,sea
17398,street
17400,street
17405,mountain
17407,mountain
17408,sea
17409,mountain
17414,glacier
17415,mountain
17422,sea
17428,sea
17430,mountain
17436,street
17437,buildings
17438,buildings
17440,street
17447,mountain
17448,forest
1745,street
17459,buildings
1746,forest
17460,sea
17465,glacier
17467,forest
17471,mountain
17477,sea
17478,forest
17482,street
17487,forest
17489,mountain
1749,buildings
17493,street
17501,sea
17505,sea
17512,glacier
17513,sea
17517,forest
17518,forest
1752,street
17524,mountain
17525,buildings
17533,street
17534,buildings
17535,forest
17536,glacier
17538,glacier
17542,mountain
17546,forest
17549,glacier
17550,buildings
17556,mountain
1756,sea
17561,mountain
17565,mountain
17572,forest
17573,forest
17578,street
17580,street
17582,sea
17584,street
17592,mountain
17595,mountain
17596,sea
17598,forest
17599,glacier
176,glacier
17601,forest
17606,glacier
17608,buildings
17610,street
17614,forest
17618,sea
17619,buildings
17620,mountain
17623,street
17626,mountain
17627,forest
17629,glacier
17630,forest
17634,buildings
17635,forest
17637,buildings
1764,buildings
17640,forest
17641,street
17644,buildings
17646,street
17649,mountain
17650,street
17653,sea
17656,buildings
17658,mountain
17659,street
17665,buildings
17669,forest
17676,sea
17677,glacier
17681,forest
17684,street
17686,glacier
1769,glacier
17692,forest
17694,mountain
17696,forest
17699,buildings
17703,street
17704,mountain
17709,street
1771,sea
17710,mountain
17720,forest
17723,buildings
17728,sea
17733,mountain
17737,sea
17738,street
17746,glacier
17748,glacier
17749,forest
17752,forest
17753,forest
17754,buildings
1776,glacier
17762,street
17763,mountain
1777,buildings
17772,mountain
17774,buildings
17778,mountain
17779,sea
1779,buildings
17790,forest
17791,sea
17792,glacier
1780,sea
17800,sea
17802,glacier
17804,buildings
17813,glacier
17815,buildings
17816,glacier
17828,mountain
17829,mountain
1783,street
17832,glacier
17833,forest
17836,buildings
17839,sea
17843,glacier
1785,sea
17850,mountain
17851,mountain
17858,street
17859,sea
17861,glacier
17862,sea
17863,street
17867,forest
17869,forest
17870,glacier
17871,mountain
17874,glacier
17876,forest
17878,sea
17879,street
17880,mountain
17883,mountain
17884,forest
17899,mountain
179,mountain
17901,mountain
17907,forest
17908,forest
17909,forest
17911,buildings
17917,street
17921,street
17929,forest
1793,buildings
17931,buildings
17935,forest
17938,buildings
17943,street
17945,sea
17949,sea
1795,forest
17950,forest
17955,mountain
17960,buildings
17961,forest
1797,glacier
17974,glacier
17976,forest
17979,street
17982,sea
17984,buildings
17988,buildings
17990,buildings
17995,street
1800,forest
18004,buildings
18008,street
1801,sea
18010,street
18013,glacier
18019,forest
1802,forest
18021,sea
18030,buildings
18032,street
18033,buildings
18036,sea
18039,sea
18040,glacier
18041,street
18047,forest
18048,buildings
18049,buildings
18054,sea
18055,sea
18058,street
18061,street
18062,glacier
18066,street
18067,mountain
18068,glacier
18069,buildings
18071,street
1808,glacier
18080,glacier
18081,forest
18082,buildings
18083,sea
18085,glacier
18090,sea
18093,sea
18094,mountain
18097,forest
18098,mountain
18109,mountain
18112,mountain
18113,street
18118,forest
18119,street
1812,buildings
18121,street
18126,glacier
18127,buildings
18130,sea
18134,buildings
1814,forest
18141,street
18148,forest
1815,mountain
1816,glacier
18160,street
18168,glacier
18169,sea
18171,forest
18172,buildings
18174,street
18178,forest
18179,sea
18181,buildings
18183,glacier
18188,glacier
18193,street
18194,buildings
18198,street
182,street
18200,street
1821,glacier
18210,forest
18212,sea
1822,buildings
18220,forest
18223,forest
18225,street
18227,glacier
18228,buildings
18229,street
18241,mountain
18246,glacier
18250,forest
18254,buildings
18257,sea
18259,buildings
18274,mountain
18276,street
18278,forest
18282,forest
18285,sea
18286,buildings
18295,glacier
18296,forest
18297,sea
18298,mountain
183,forest
1830,mountain
18304,sea
18307,street
1831,glacier
18314,mountain
18315,street
18319,sea
18326,street
18330,mountain
18333,forest
18338,forest
1834,sea
18340,glacier
18346,buildings
1835,mountain
18352,buildings
18357,buildings
18358,mountain
18362,street
18365,forest
1837,glacier
18370,forest
18371,street
18376,glacier
18377,buildings
18378,street
18379,glacier
18387,forest
1839,mountain
18391,forest
18395,mountain
18396,sea
18399,sea
18402,buildings
18404,buildings
18405,sea
18406,mountain
18410,buildings
18413,forest
18414,sea
1842,glacier
18427,forest
18434,glacier
18448,forest
18450,forest
18458,buildings
18459,sea
18461,mountain
18464,forest
1847,mountain
18475,buildings
18477,sea
18478,glacier
18479,glacier
18482,sea
18488,mountain
18491,mountain
18492,glacier
18497,buildings
185,mountain
18504,forest
18506,street
18509,sea
18510,buildings
18512,sea
18513,forest
18519,forest
18522,street
18528,mountain
18530,buildings
18536,mountain
18537,forest
18540,sea
18543,glacier
18545,glacier
18549,forest
18554,mountain
18562,mountain
18563,mountain
18570,street
18579,sea
18581,mountain
18583,street
18585,forest
18588,mountain
18589,sea
18591,forest
18594,buildings
18596,street
18599,glacier
18601,forest
18604,buildings
18607,street
18608,street
18609,buildings
18610,street
18611,street
18613,mountain
18616,street
18617,glacier
18619,glacier
18620,mountain
18623,sea
18624,forest
18626,mountain
18627,glacier
18633,sea
18635,street
18640,street
18641,sea
18642,forest
18647,sea
18649,mountain
18650,buildings
18653,sea
18662,mountain
18665,sea
18669,mountain
18673,glacier
18681,mountain
18684,sea
18685,sea
18688,mountain
18693,forest
18695,glacier
18698,mountain
18703,forest
18706,glacier
18708,mountain
18713,glacier
18714,forest
18719,forest
18722,glacier
18727,forest
18728,buildings
18729,mountain
18732,street
18733,buildings
18734,forest
18738,glacier
18739,sea
18746,glacier
18747,mountain
18750,mountain
18759,street
1876,buildings
18760,sea
18762,mountain
18766,forest
18768,glacier
18774,sea
18775,street
18778,street
18782,forest
18800,mountain
18801,sea
18802,street
18806,street
18810,street
18813,street
18818,sea
1882,mountain
18825,buildings
18830,forest
18833,street
18836,forest
1884,buildings
18844,buildings
18845,glacier
18847,mountain
1885,glacier
18850,glacier
18852,sea
18857,buildings
18858,forest
18859,glacier
18861,glacier
18862,buildings
18867,forest
18868,forest
18869,buildings
18871,glacier
18873,forest
18879,buildings
18886,forest
1889,mountain
18890,mountain
18892,sea
18896,glacier
18904,street
18910,sea
18924,street
1893,mountain
18935,sea
18939,sea
18943,buildings
18948,street
18949,mountain
18953,glacier
18956,buildings
18961,glacier
18964,glacier
18966,mountain
18968,buildings
18969,sea
1897,mountain
18970,forest
18973,buildings
18975,street
18976,sea
18979,mountain
18981,sea
18983,buildings
18985,mountain
18986,glacier
18987,glacier
18994,glacier
18996,buildings
18998,sea
19006,forest
19008,buildings
19012,sea
19018,forest
19021,sea
19022,street
19025,sea
19028,sea
19029,street
19033,sea
19034,mountain
19042,glacier
19046,street
19047,sea
19048,buildings
19050,street
19053,sea
19054,mountain
19059,buildings
1906,street
19060,street
19062,glacier
19064,sea
19065,mountain
19069,mountain
19073,buildings
19074,buildings
19079,street
19082,buildings
19083,buildings
19084,street
19086,forest
19087,street
19088,sea
19092,sea
19093,forest
19096,buildings
19099,glacier
19100,sea
19102,mountain
19105,forest
19106,sea
19107,forest
19109,forest
19111,mountain
19117,buildings
19123,glacier
19128,forest
19135,forest
1914,buildings
19143,buildings
19146,street
19148,street
19149,mountain
19155,sea
19157,buildings
19160,buildings
19165,glacier
19172,sea
19174,street
1918,forest
19181,buildings
19188,forest
19190,forest
19191,sea
19194,sea
1920,buildings
19201,forest
19208,glacier
19219,forest
1922,buildings
19222,glacier
19229,forest
1923,sea
19231,buildings
19232,street
19233,buildings
19234,sea
19239,buildings
1924,buildings
19246,mountain
19248,mountain
19254,glacier
19258,forest
19262,forest
19264,mountain
19269,sea
19271,forest
19275,glacier
19278,glacier
19283,mountain
19287,street
19288,buildings
1929,buildings
19301,sea
19309,forest
1931,sea
19310,buildings
19313,glacier
19315,mountain
19316,forest
19320,street
19321,forest
19322,glacier
19324,forest
19327,buildings
19330,buildings
19333,street
1934,forest
19340,forest
19341,mountain
19346,buildings
1935,sea
19351,forest
19361,glacier
19365,glacier
19366,street
19368,buildings
19370,glacier
19372,glacier
19376,forest
19381,glacier
19382,glacier
19385,glacier
19390,glacier
19392,mountain
19393,glacier
19395,mountain
19396,street
19408,forest
19409,buildings
19410,mountain
19414,forest
19421,street
19423,street
19424,glacier
19426,glacier
19427,buildings
19432,buildings
19433,mountain
19435,mountain
19436,forest
19442,forest
19445,buildings
19448,forest
1945,forest
19452,glacier
19457,street
19458,buildings
19467,street
19469,glacier
19470,street
19471,street
19472,street
19473,mountain
19474,sea
19475,street
19476,forest
19479,sea
1948,forest
19480,forest
19481,glacier
19482,forest
19485,mountain
1949,sea
19497,glacier
19500,buildings
19501,glacier
19503,glacier
19504,street
19506,mountain
1951,buildings
19518,glacier
19520,street
19521,glacier
19525,mountain
19527,mountain
19528,buildings
19539,buildings
19540,glacier
19543,mountain
19549,buildings
19557,sea
19558,buildings
19560,street
19561,buildings
19562,buildings
19564,forest
19568,street
19569,mountain
19570,glacier
19572,street
19575,mountain
19577,forest
19581,street
19583,mountain
19587,street
19590,forest
19592,mountain
19596,sea
19597,street
19602,forest
19604,glacier
19606,sea
19610,glacier
19611,sea
19614,buildings
19618,glacier
19619,glacier
19620,mountain
19628,buildings
19629,forest
19631,glacier
19632,mountain
19633,glacier
19634,sea
19637,sea
19641,sea
19644,buildings
19645,sea
19646,buildings
19648,forest
1965,forest
19651,glacier
19653,buildings
19654,buildings
19655,street
19657,glacier
19658,sea
19665,buildings
19670,mountain
19671,sea
19672,buildings
19673,forest
19678,sea
19681,street
19682,sea
19684,buildings
19685,buildings
19686,forest
19687,sea
1969,buildings
19690,buildings
19696,buildings
19702,forest
19707,forest
1971,forest
19710,sea
19712,mountain
19717,forest
1972,sea
19725,sea
19726,street
19727,glacier
19729,forest
1973,buildings
19731,buildings
19733,sea
19734,buildings
19742,sea
19744,glacier
19745,forest
19748,street
1975,glacier
19751,buildings
19754,glacier
19757,glacier
19759,forest
19763,street
19767,buildings
19775,forest
19785,buildings
19787,forest
19788,glacier
19790,forest
19792,glacier
19797,mountain
198,mountain
19801,forest
19803,buildings
19804,buildings
19821,buildings
19822,sea
1983,forest
19831,sea
19836,glacier
19838,buildings
19839,buildings
19842,forest
19847,forest
1985,glacier
19850,street
19852,forest
19856,mountain
1986,forest
19863,forest
19869,sea
1987,street
19870,street
19871,sea
19873,street
19875,buildings
19877,glacier
19880,glacier
19881,mountain
19890,mountain
19893,street
19899,street
199,forest
1990,mountain
19902,buildings
19906,street
19908,glacier
19911,glacier
19914,sea
19916,mountain
19918,buildings
19919,sea
1992,glacier
19931,glacier
19933,street
1994,glacier
19941,glacier
19942,mountain
19943,street
19944,forest
19949,mountain
1995,forest
19951,street
19957,glacier
19968,forest
1997,sea
19972,street
19977,forest
19979,sea
19980,forest
19984,mountain
19986,street
19991,forest
19994,glacier
19997,street
19998,glacier
20003,mountain
20005,glacier
20009,buildings
2001,sea
20012,glacier
20015,glacier
20020,forest
20021,forest
20022,mountain
20023,buildings
20025,glacier
20029,sea
20031,mountain
20032,forest
20034,mountain
20035,street
20037,buildings
20038,sea
20039,forest
20042,forest
20043,glacier
20047,sea
20049,sea
20050,street
20055,street
20063,street
20065,glacier
2007,buildings
20086,mountain
2009,sea
20097,mountain
20101,buildings
20102,forest
20103,glacier
20104,mountain
20105,sea
2011,forest
20110,sea
20118,sea
20119,forest
20121,sea
20122,street
20125,forest
20128,street
20130,mountain
20132,buildings
20135,forest
20139,street
20141,street
20143,sea
20145,mountain
20146,buildings
20149,glacier
20155,mountain
20156,street
2016,street
20169,mountain
2017,buildings
20180,mountain
20182,forest
20188,forest
20192,street
20193,buildings
20196,buildings
20197,buildings
20199,glacier
2020,street
20200,street
20201,mountain
20203,sea
20205,forest
20208,mountain
20213,buildings
20214,sea
20215,sea
20217,sea
20219,street
2022,buildings
20220,glacier
20223,mountain
20224,forest
2023,buildings
20233,buildings
20235,forest
20237,street
20239,glacier
2024,buildings
20244,mountain
20248,street
2025,buildings
20251,forest
20254,mountain
20258,glacier
2026,sea
20262,forest
20263,mountain
20278,glacier
20279,mountain
2028,glacier
20280,sea
20284,sea
20290,street
20291,buildings
20295,buildings
20298,mountain
203,buildings
2030,street
20301,sea
20302,mountain
20308,sea
2031,buildings
20312,forest
20321,forest
20323,street
20324,sea
20325,sea
2033,forest
20338,mountain
20339,street
2034,sea
20340,forest
20349,street
2035,forest
20351,glacier
20354,forest
20360,mountain
20361,forest
20364,mountain
20368,glacier
20369,glacier
20375,forest
20376,buildings
20377,glacier
20381,buildings
20385,mountain
2039,buildings
20391,street
20396,buildings
20399,forest
20403,buildings
20404,glacier
20407,buildings
20410,forest
20412,forest
20415,sea
20420,sea
20422,glacier
20426,buildings
20428,sea
20429,buildings
20434,sea
20437,sea
20442,sea
20445,mountain
20451,glacier
20452,buildings
20453,glacier
20456,mountain
2046,glacier
20462,street
20463,mountain
20466,mountain
20468,buildings
20469,glacier
2047,forest
20470,buildings
20471,buildings
20478,forest
20481,sea
20483,glacier
20488,street
20492,glacier
20496,street
20499,sea
2050,glacier
20500,glacier
20501,forest
20503,mountain
20505,forest
20506,glacier
20507,mountain
20509,sea
2051,street
20514,buildings
20518,sea
20521,buildings
20523,street
20525,buildings
20526,mountain
20529,mountain
20532,glacier
20538,street
20542,glacier
20543,mountain
20547,forest
20548,sea
2055,glacier
20551,mountain
20552,glacier
20557,mountain
20562,forest
20569,mountain
2057,forest
20573,sea
20578,buildings
20579,street
20583,sea
20588,glacier
20593,mountain
20594,buildings
2060,forest
20600,buildings
20604,mountain
20607,forest
20609,mountain
20610,glacier
20614,mountain
20618,glacier
20623,street
20625,buildings
20632,sea
20636,street
2064,buildings
20641,sea
20645,glacier
2065,sea
20654,mountain
20656,glacier
20659,sea
20661,glacier
20667,street
20669,sea
2067,buildings
20673,glacier
20675,mountain
20681,mountain
20682,street
20689,mountain
20693,buildings
20697,buildings
20698,sea
20699,glacier
20700,sea
20701,mountain
20707,sea
20708,buildings
20711,street
20715,mountain
20716,forest
20721,street
20724,glacier
20727,forest
20729,sea
20736,street
2074,sea
20743,street
20744,forest
20747,mountain
20749,glacier
20755,forest
20758,forest
20760,forest
20768,street
20772,buildings
20773,buildings
20775,buildings
20778,glacier
20780,buildings
20784,forest
20786,street
20787,sea
20789,buildings
20790,buildings
20791,mountain
20792,glacier
20793,sea
20795,buildings
20797,street
20803,glacier
20809,buildings
2081,sea
20814,forest
20817,sea
20823,buildings
20824,forest
20827,forest
20829,glacier
20830,buildings
20836,mountain
20837,mountain
20839,glacier
2084,street
20845,mountain
20849,buildings
20850,mountain
20852,mountain
20855,forest
20859,mountain
20861,mountain
20862,street
20865,buildings
20875,glacier
20877,forest
20880,street
20881,buildings
20883,sea
20886,glacier
20891,buildings
2090,buildings
20901,forest
20902,sea
20912,street
20913,buildings
20914,buildings
20919,sea
20920,glacier
20923,forest
20932,buildings
20936,buildings
20939,sea
2094,buildings
20943,street
20945,street
20951,street
20956,buildings
20957,sea
2096,street
20964,forest
20967,forest
20969,street
20973,street
20977,street
20979,sea
20987,street
20990,street
20993,glacier
20997,street
21002,buildings
21003,forest
21005,glacier
21009,glacier
21010,sea
21015,forest
2102,buildings
21021,street
21023,mountain
21026,mountain
21028,forest
21029,street
21030,sea
21031,buildings
21033,mountain
21039,buildings
21048,buildings
21050,glacier
21051,sea
21056,forest
21057,street
2106,glacier
21068,sea
21070,forest
21071,sea
21072,mountain
21074,sea
21075,street
21079,street
21080,mountain
21082,buildings
21084,buildings
21088,forest
21089,sea
21094,mountain
211,sea
21103,glacier
21109,mountain
21110,glacier
21111,glacier
21112,buildings
21113,forest
21114,forest
21116,forest
21117,buildings
2112,buildings
21122,sea
21124,street
21127,buildings
21131,street
21132,glacier
21133,street
21134,mountain
21140,glacier
21145,buildings
21147,buildings
21157,glacier
21160,mountain
21164,sea
21165,sea
21166,buildings
2117,forest
21171,sea
21172,sea
21178,buildings
2118,forest
21180,sea
21181,forest
21184,sea
21188,buildings
21189,forest
2119,forest
21190,forest
21193,glacier
21194,glacier
21195,forest
212,street
21202,mountain
21204,mountain
21205,buildings
21208,mountain
21211,buildings
21218,sea
21219,street
21223,glacier
21228,sea
21235,glacier
2124,sea
21249,sea
21251,street
21252,forest
21253,sea
21261,street
21264,mountain
21265,street
21267,forest
21268,sea
21270,sea
21273,mountain
21275,street
2128,buildings
21282,mountain
21283,glacier
21284,mountain
21289,forest
2129,sea
21295,mountain
21299,mountain
2130,forest
21300,forest
21308,mountain
21312,mountain
21315,mountain
21321,glacier
21322,street
21323,street
21324,street
21326,buildings
21327,sea
2133,sea
21330,forest
21331,glacier
21332,sea
21333,mountain
21335,mountain
21337,glacier
21338,sea
21346,buildings
2135,street
21351,glacier
21365,glacier
21370,sea
21372,street
21374,buildings
21379,glacier
2138,forest
21382,mountain
21384,street
21388,glacier
2139,mountain
21391,buildings
21394,street
21395,mountain
21397,sea
21398,mountain
21402,mountain
21403,glacier
21404,glacier
21408,street
2141,street
21413,sea
21416,forest
21420,forest
21424,sea
21425,mountain
21429,mountain
21436,mountain
21438,forest
21439,sea
21440,buildings
21441,mountain
21444,buildings
21446,forest
21449,glacier
21451,forest
21457,forest
2146,sea
21460,forest
21467,sea
21471,sea
21474,forest
21477,forest
21482,mountain
21487,mountain
21489,sea
21493,glacier
21495,sea
215,sea
21500,buildings
21502,mountain
21508,buildings
21509,buildings
2151,sea
21511,glacier
21515,glacier
21520,forest
21521,forest
21523,mountain
21528,forest
2153,buildings
21530,glacier
21531,sea
21532,glacier
21534,street
21536,sea
21540,glacier
21541,glacier
21548,buildings
21549,forest
21550,mountain
21552,mountain
21561,forest
21562,mountain
21565,forest
21566,mountain
21567,street
21571,sea
21577,forest
21579,street
21582,buildings
21585,forest
21588,buildings
21590,buildings
21594,street
21595,glacier
21602,street
21606,forest
21608,sea
21616,buildings
21619,mountain
21622,buildings
21625,sea
21626,street
21628,glacier
21629,street
2163,street
21636,glacier
21637,mountain
21642,street
2165,buildings
21652,forest
21654,mountain
21661,buildings
21667,street
21668,forest
2167,mountain
21672,street
21673,glacier
21679,forest
21681,glacier
21687,sea
21690,sea
21692,forest
21693,mountain
21696,sea
21698,glacier
21700,street
21704,forest
21705,sea
21708,glacier
21709,glacier
21713,sea
21716,street
21718,buildings
21728,forest
21732,mountain
21733,glacier
21739,sea
21741,mountain
21742,mountain
21746,mountain
21748,mountain
21752,glacier
21753,buildings
21755,sea
21757,mountain
21758,glacier
21760,buildings
21767,mountain
21773,glacier
21778,glacier
21782,mountain
21785,glacier
21786,forest
21791,glacier
21795,sea
21796,street
2180,forest
21802,mountain
21803,glacier
21809,sea
21815,buildings
21820,forest
21821,glacier
21822,forest
21823,forest
21825,forest
21830,mountain
21831,sea
21833,mountain
21834,glacier
21835,forest
21836,street
21838,forest
21839,mountain
21847,glacier
21848,glacier
21850,glacier
21854,sea
21863,glacier
21867,forest
21869,glacier
2187,street
21871,forest
21877,street
21878,street
21880,buildings
21882,buildings
21883,buildings
21886,mountain
21888,forest
21891,forest
21899,street
2190,street
21901,mountain
21902,glacier
2191,buildings
21914,buildings
21920,mountain
21922,glacier
21925,street
21927,forest
21928,glacier
21930,forest
21931,mountain
21938,street
21939,buildings
21944,mountain
21946,forest
21951,forest
21952,street
21953,street
21958,sea
21963,mountain
21966,mountain
21968,glacier
21969,forest
21971,forest
21974,glacier
21975,forest
21976,glacier
2198,street
21980,mountain
21988,street
21997,mountain
21998,mountain
22,forest
2200,glacier
22002,sea
22006,sea
22007,sea
22008,sea
22010,mountain
22013,glacier
22016,glacier
22018,glacier
22023,mountain
22033,street
22039,buildings
22041,buildings
22044,glacier
22047,glacier
22049,glacier
22052,forest
22053,mountain
22055,forest
22056,forest
22059,forest
2206,street
22060,glacier
22061,street
22067,sea
22069,forest
2207,forest
22075,buildings
22077,buildings
2208,forest
22080,forest
22081,mountain
22084,glacier
22094,sea
221,mountain
22106,sea
22108,mountain
22113,street
22114,forest
22118,glacier
22122,glacier
2213,sea
22131,street
22135,mountain
22142,glacier
22146,buildings
22148,street
22151,mountain
22155,glacier
2216,sea
22164,forest
2217,street
22170,buildings
22174,buildings
22178,mountain
22181,forest
22190,buildings
22194,sea
22195,glacier
222,buildings
22206,forest
2221,mountain
22211,sea
22213,street
22217,glacier
22218,street
22224,street
22225,forest
22226,sea
22229,forest
22236,street
22238,mountain
2224,glacier
22242,forest
22244,glacier
22248,glacier
22263,mountain
2227,mountain
22270,buildings
22274,buildings
22275,forest
2228,mountain
22281,sea
22282,mountain
22285,forest
22287,mountain
22288,street
22292,forest
22297,street
22298,sea
22300,street
22302,sea
22303,sea
22305,street
2231,mountain
22312,forest
22313,buildings
22319,street
22323,sea
22324,street
22327,buildings
22332,glacier
22333,street
22334,sea
22344,glacier
22348,forest
2235,street
22352,mountain
22359,glacier
22361,mountain
22363,street
22364,street
22365,buildings
22367,mountain
2237,street
22371,forest
22381,mountain
22392,buildings
22395,buildings
22396,mountain
22397,glacier
2240,buildings
22402,buildings
22403,sea
22404,street
22407,forest
22413,street
22418,buildings
22419,sea
22422,mountain
22429,buildings
22430,forest
22435,street
2244,buildings
22443,street
22445,mountain
22449,buildings
2245,forest
22454,mountain
22456,glacier
2246,forest
22463,street
22466,street
22468,forest
2247,buildings
22474,sea
22477,street
2248,glacier
22480,sea
22482,buildings
22485,sea
22489,buildings
22492,mountain
22497,buildings
22498,mountain
22499,buildings
225,mountain
22505,buildings
22507,street
22509,sea
2251,glacier
22519,sea
22521,glacier
22523,forest
22524,glacier
22529,buildings
2253,street
22530,mountain
22532,street
22533,street
22535,sea
22541,sea
22544,buildings
22548,street
22549,street
22551,buildings
22554,buildings
22559,sea
22560,mountain
22561,sea
22566,sea
22573,glacier
22578,buildings
22579,mountain
2258,forest
22582,glacier
22584,street
22590,mountain
22591,street
22594,sea
2260,glacier
22601,buildings
22604,glacier
22605,street
22607,glacier
22610,sea
22611,forest
22612,street
22613,sea
22615,glacier
22618,mountain
22621,glacier
22622,forest
22627,buildings
22630,street
22638,mountain
22641,forest
22649,street
22651,sea
22658,street
22659,buildings
22662,street
22674,forest
2268,forest
22680,forest
22682,street
22684,forest
22693,forest
22697,mountain
22698,street
227,sea
2270,sea
22701,mountain
22704,street
2271,sea
22713,buildings
22714,forest
22715,sea
22726,forest
22728,forest
22729,buildings
22733,sea
22739,mountain
22743,buildings
22744,mountain
22749,mountain
2275,sea
22750,street
22751,street
22752,mountain
22757,buildings
22758,buildings
2276,forest
22762,street
22770,buildings
22772,street
22773,buildings
2278,forest
22781,street
22783,mountain
22785,glacier
22787,glacier
22788,forest
22791,sea
22792,sea
22793,street
22794,buildings
22795,mountain
22796,glacier
22798,glacier
22802,buildings
22803,buildings
22806,street
22808,mountain
22815,sea
22816,buildings
22825,buildings
22828,mountain
2283,street
22835,glacier
22838,forest
22840,mountain
22841,sea
22853,mountain
2286,buildings
22861,forest
22863,street
22865,street
22872,street
22873,glacier
22874,street
22878,forest
22880,sea
22888,buildings
22889,buildings
22892,sea
22894,street
22901,street
22902,forest
22904,buildings
22905,street
22906,forest
22909,street
22910,street
22914,forest
22916,glacier
22918,street
22922,forest
22923,glacier
22926,buildings
22929,glacier
22931,sea
22932,forest
22937,street
22939,mountain
22940,mountain
22945,sea
22946,buildings
22957,sea
2296,sea
22968,street
22972,sea
22975,buildings
22979,buildings
22981,glacier
22984,forest
22985,buildings
2299,buildings
22999,mountain
23000,mountain
23007,glacier
23010,forest
23013,sea
23015,buildings
23017,glacier
23019,glacier
2302,forest
23020,glacier
23021,mountain
23025,glacier
23028,buildings
23029,street
23030,sea
23034,sea
23035,mountain
23038,buildings
23039,glacier
23043,mountain
23046,forest
2305,forest
23050,glacier
23054,buildings
23056,forest
23057,street
23059,glacier
23063,forest
23064,mountain
23066,buildings
23071,glacier
23074,street
23077,mountain
23078,street
23080,mountain
23081,glacier
23082,glacier
23083,sea
23085,sea
23086,sea
2309,sea
23092,mountain
23095,forest
23099,sea
23112,glacier
23113,glacier
23115,mountain
23120,forest
23121,buildings
23128,glacier
23129,forest
2313,sea
23132,street
23134,sea
23140,glacier
23142,street
23145,street
23146,street
23147,mountain
2315,forest
23152,mountain
23158,buildings
2316,forest
23168,mountain
2317,sea
23170,street
23173,street
23178,glacier
23184,mountain
23190,street
23196,forest
23197,forest
23198,glacier
23199,glacier
23200,buildings
23202,sea
23203,buildings
23204,forest
23206,street
23214,street
23216,mountain
23217,forest
23231,buildings
23235,sea
23238,forest
23239,glacier
23249,buildings
23251,glacier
23252,forest
23258,mountain
2326,sea
23264,forest
23267,sea
23278,street
23279,buildings
2328,mountain
23288,sea
2329,buildings
233,sea
2330,forest
23300,glacier
23302,street
23303,mountain
23305,buildings
23307,glacier
23311,sea
23313,forest
23323,buildings
23326,street
23330,mountain
23331,sea
23335,forest
23340,buildings
23341,mountain
23345,forest
23347,sea
23350,buildings
23352,mountain
23354,buildings
23356,glacier
23357,sea
23358,street
23364,forest
23372,mountain
23374,mountain
23378,buildings
23379,sea
23391,forest
23394,sea
23395,mountain
23396,glacier
23397,forest
23399,sea
2340,forest
23403,forest
23410,mountain
23412,mountain
23414,buildings
23415,street
23422,forest
23424,glacier
23425,sea
23426,buildings
23434,sea
23438,sea
23439,sea
23440,forest
23449,mountain
23460,glacier
23467,forest
23468,sea
23479,sea
23480,sea
23482,sea
23483,mountain
23485,forest
23488,mountain
23493,mountain
23494,glacier
23500,mountain
23501,mountain
23504,buildings
23506,glacier
23508,mountain
2351,glacier
23513,sea
23514,sea
23517,mountain
23518,forest
23519,mountain
2352,sea
23523,forest
23524,sea
23525,glacier
23526,sea
23532,glacier
23533,forest
23539,mountain
2354,buildings
23544,glacier
23545,forest
23546,mountain
2355,mountain
23553,sea
23556,mountain
23558,street
23561,mountain
23566,forest
23568,glacier
23569,forest
23571,buildings
23572,mountain
23580,forest
23581,sea
23582,mountain
23583,forest
2359,street
23592,forest
23595,forest
23599,street
23601,sea
23602,street
23605,mountain
23607,street
23614,mountain
23615,sea
23618,sea
23621,mountain
23622,forest
23626,buildings
23627,mountain
2363,forest
23631,glacier
23634,mountain
2364,street
23645,street
23646,buildings
23650,glacier
23651,mountain
23654,street
23662,glacier
23664,sea
23665,forest
23666,street
2367,buildings
23670,forest
23671,forest
23672,mountain
23673,glacier
23674,mountain
2368,glacier
23680,glacier
23685,buildings
23690,sea
23691,glacier
23693,forest
23696,forest
23699,mountain
237,mountain
2370,glacier
23701,glacier
23704,glacier
23706,street
23719,sea
23720,glacier
23722,forest
2373,buildings
23730,glacier
23732,mountain
23740,street
23742,mountain
23751,forest
23752,sea
23754,sea
23755,buildings
2376,street
23763,street
23765,forest
23767,glacier
23768,forest
23770,street
23772,mountain
23777,sea
23778,mountain
2378,forest
23784,mountain
23787,street
23788,buildings
23789,forest
2379,glacier
23790,forest
23799,sea
238,glacier
23800,street
23802,sea
23803,forest
23805,forest
23809,mountain
23811,mountain
23820,glacier
23823,mountain
23824,mountain
23827,buildings
23828,mountain
2383,street
23831,sea
23832,forest
23834,street
23836,glacier
23839,forest
23840,buildings
23842,mountain
23844,buildings
23847,sea
23849,buildings
23850,sea
23856,street
23857,sea
23858,mountain
23863,mountain
23864,buildings
23878,buildings
23880,mountain
23881,street
23882,glacier
23887,street
23891,buildings
23893,buildings
23894,glacier
23895,forest
23897,glacier
23904,buildings
23905,mountain
23911,glacier
23913,mountain
23914,forest
23916,buildings
23917,forest
23921,mountain
23922,glacier
23924,sea
23934,mountain
23940,street
23941,sea
23944,forest
23946,street
2395,glacier
23953,street
23954,sea
23957,forest
2396,glacier
23960,mountain
23963,street
23966,buildings
23970,street
23971,street
2398,buildings
23980,mountain
23983,mountain
23985,forest
23991,sea
23992,forest
23994,mountain
23996,buildings
23999,forest
24002,buildings
24003,mountain
2401,buildings
24012,street
24014,glacier
24015,glacier
2402,mountain
24025,buildings
24028,forest
2403,buildings
24030,buildings
24031,glacier
24035,buildings
24038,forest
2404,sea
24042,buildings
24046,mountain
24048,sea
24054,mountain
24061,glacier
24064,forest
24065,mountain
24067,street
24068,forest
24069,mountain
24071,glacier
24074,sea
24079,mountain
2408,forest
24081,street
24084,glacier
24089,mountain
24090,mountain
24092,mountain
24093,buildings
24102,forest
24104,glacier
24105,mountain
24114,buildings
24116,forest
24117,forest
2412,sea
24121,forest
24125,glacier
24134,glacier
24140,buildings
24142,mountain
24144,glacier
24148,forest
24151,mountain
24156,glacier
24157,mountain
24162,mountain
24164,mountain
24168,sea
24182,buildings
24183,glacier
24188,buildings
24191,glacier
24192,glacier
24194,street
242,buildings
24202,glacier
24210,buildings
24216,buildings
24217,mountain
24225,street
24227,glacier
24232,glacier
24233,street
24238,forest
2424,street
24240,glacier
24243,mountain
2425,forest
24253,street
24255,street
24257,forest
24259,mountain
2427,buildings
24272,mountain
24276,sea
24278,glacier
24281,glacier
24288,mountain
24289,glacier
24291,mountain
24293,street
24296,street
24298,street
24302,street
24303,street
24305,glacier
24306,sea
24307,mountain
24308,forest
24316,glacier
24318,buildings
2432,mountain
24326,forest
24327,glacier
24330,glacier
24331,forest
24333,buildings
2438,glacier
244,buildings
2441,street
2442,buildings
2444,forest
2447,street
2449,buildings
2452,sea
2459,street
2466,mountain
2467,glacier
2473,sea
2474,sea
2476,sea
2482,forest
2483,street
2485,buildings
2488,buildings
2490,mountain
2491,street
2493,mountain
2498,forest
2499,sea
25,sea
2500,mountain
2501,mountain
2507,sea
251,glacier
2514,mountain
252,mountain
2521,street
2522,forest
2525,mountain
2530,street
2532,glacier
2533,mountain
2534,buildings
2538,mountain
2542,glacier
2545,buildings
255,mountain
2551,forest
2552,street
2553,street
2554,mountain
2556,sea
2557,glacier
2561,mountain
2563,glacier
2572,buildings
2574,mountain
2576,glacier
2577,buildings
2580,street
2583,sea
2585,buildings
2588,glacier
2593,mountain
2595,mountain
2606,glacier
2610,buildings
2611,street
2620,forest
2622,mountain
2624,buildings
2628,sea
2631,buildings
2632,forest
2634,buildings
2637,glacier
2640,sea
2642,street
2645,street
2646,sea
2650,sea
2651,glacier
2664,forest
268,street
2682,forest
2684,sea
2685,street
2686,forest
2689,glacier
2690,mountain
2694,buildings
2696,street
2700,mountain
2701,glacier
2708,forest
271,glacier
2711,buildings
2718,glacier
2719,forest
2722,buildings
2728,buildings
273,forest
2731,buildings
2734,street
2737,mountain
2739,mountain
274,sea
2745,street
2750,forest
2756,street
2760,street
2761,buildings
2766,sea
2767,street
2771,forest
2778,sea
2779,forest
278,buildings
2780,mountain
2781,mountain
2783,forest
2784,forest
2789,mountain
2791,glacier
2794,street
2795,glacier
2798,sea
28,mountain
2801,glacier
2812,sea
2813,sea
2814,glacier
2816,glacier
2819,buildings
2820,glacier
2824,sea
2825,glacier
2828,sea
2829,forest
2832,mountain
2833,forest
2834,street
284,street
2841,buildings
2843,buildings
2844,forest
2845,buildings
2846,sea
2851,mountain
2852,buildings
2854,buildings
2860,glacier
2861,sea
2865,sea
2866,glacier
2867,glacier
287,sea
2872,forest
2883,forest
2895,sea
2898,mountain
2899,buildings
2901,mountain
2904,glacier
2906,buildings
291,glacier
2910,mountain
2911,buildings
2918,mountain
2920,glacier
2931,sea
2933,sea
2938,glacier
2941,sea
2945,forest
2952,street
2955,buildings
2956,glacier
2966,buildings
2969,sea
2970,glacier
2972,sea
2974,buildings
2977,forest
2980,glacier
2982,buildings
2986,glacier
2992,glacier
3,street
30,glacier
3002,street
3006,buildings
3011,forest
3012,glacier
3013,glacier
302,buildings
3022,sea
3026,buildings
3027,buildings
303,glacier
3034,sea
3037,mountain
3042,forest
3043,sea
3048,buildings
3049,buildings
3052,glacier
3059,street
3062,street
3065,street
3068,mountain
308,mountain
3080,street
3084,mountain
3085,mountain
3093,glacier
3096,buildings
3097,mountain
310,glacier
3101,forest
3112,sea
3120,sea
3127,mountain
3128,buildings
3129,street
3133,buildings
3135,sea
3140,mountain
3144,glacier
3146,forest
3156,mountain
3159,forest
3160,buildings
3161,buildings
3164,forest
3166,street
3167,sea
3168,sea
3169,mountain
3171,street
3174,forest
3176,street
3177,buildings
3179,mountain
3186,mountain
3187,buildings
3189,buildings
319,sea
3198,sea
320,street
3201,glacier
3206,buildings
3208,sea
3212,street
3214,buildings
3223,buildings
3228,buildings
3231,mountain
3233,glacier
324,street
3240,mountain
3242,street
3246,glacier
3248,sea
3250,glacier
3252,mountain
3254,mountain
3258,sea
327,mountain
3271,street
3276,forest
3277,street
328,mountain
3283,mountain
3285,glacier
3286,sea
3289,mountain
3292,glacier
3294,forest
3301,street
3312,forest
3317,mountain
3321,mountain
3322,glacier
3324,mountain
3326,mountain
3335,mountain
3338,glacier
334,forest
3345,forest
3349,buildings
3350,mountain
3351,glacier
3362,mountain
3363,mountain
337,sea
3371,forest
3372,mountain
3374,forest
3379,street
3380,mountain
3390,glacier
3393,buildings
3398,mountain
3402,mountain
3404,glacier
3407,buildings
3408,glacier
3409,sea
3413,buildings
3414,buildings
3415,forest
3417,street
3418,mountain
3419,glacier
3421,sea
3431,buildings
3432,mountain
3433,buildings
3436,glacier
344,glacier
3441,mountain
3445,mountain
3451,street
3452,forest
3455,forest
3459,mountain
346,mountain
3463,buildings
3464,glacier
3466,street
347,glacier
3471,glacier
3472,glacier
3474,buildings
3478,mountain
3483,buildings
3486,buildings
3495,mountain
350,buildings
3502,mountain
3508,sea
351,buildings
3515,mountain
3517,glacier
3520,buildings
3522,glacier
3525,sea
3531,forest
3536,sea
3537,glacier
354,mountain
3541,mountain
3544,mountain
3550,sea
3552,buildings
3555,mountain
3564,forest
3565,street
3570,buildings
3576,glacier
3577,sea
3578,forest
3580,forest
3581,glacier
3584,sea
3589,forest
3590,buildings
3594,sea
3595,glacier
3597,street
360,buildings
3600,forest
3605,forest
3609,buildings
3612,buildings
362,glacier
3622,sea
3625,mountain
3627,sea
3632,glacier
3633,mountain
3639,street
3640,buildings
3642,forest
3644,mountain
3646,buildings
3648,glacier
365,mountain
3652,mountain
3655,forest
3656,forest
3668,sea
3672,glacier
3673,buildings
3677,sea
368,street
3681,sea
3688,mountain
3690,buildings
3696,glacier
3698,forest
3700,sea
3703,buildings
3705,mountain
3707,mountain
3709,buildings
3710,buildings
3714,glacier
3715,mountain
3716,buildings
3720,glacier
3721,mountain
3725,glacier
3728,forest
3729,buildings
3730,street
3735,glacier
3738,street
3739,street
374,forest
375,street
3753,sea
3754,street
3755,sea
3757,street
3770,sea
3772,glacier
3776,sea
3778,buildings
3782,buildings
3789,sea
379,street
3790,mountain
3799,forest
38,glacier
3805,mountain
3814,sea
3817,glacier
3819,forest
382,mountain
3821,buildings
3823,mountain
3830,street
3832,mountain
3833,sea
3835,sea
3838,glacier
3846,forest
385,mountain
3851,buildings
3853,mountain
3854,sea
3855,mountain
3859,buildings
3865,mountain
3867,street
387,street
388,buildings
3883,mountain
3886,sea
3887,mountain
389,forest
3892,forest
3897,street
3906,glacier
3907,sea
3910,glacier
3916,mountain
3917,buildings
3918,glacier
3919,sea
3923,glacier
3925,mountain
3926,forest
393,glacier
3930,forest
3932,buildings
3942,forest
3946,buildings
3947,mountain
3953,forest
3962,sea
3966,mountain
3970,glacier
3975,mountain
3976,sea
3979,mountain
398,sea
3981,glacier
3982,glacier
3983,buildings
3986,buildings
3987,sea
399,mountain
3995,sea
3996,glacier
400,glacier
4011,glacier
4013,buildings
4014,buildings
4019,forest
4021,street
4022,mountain
4023,sea
403,sea
4030,street
4032,sea
4035,mountain
4036,glacier
4037,forest
4040,buildings
4043,mountain
4045,forest
4050,glacier
4058,mountain
4061,glacier
4063,street
4066,mountain
4069,mountain
4071,buildings
4072,buildings
4073,sea
4074,street
4078,street
408,glacier
4080,sea
4083,street
4085,sea
4089,street
4091,glacier
4094,street
410,glacier
4101,glacier
4104,glacier
4105,mountain
4107,street
4108,buildings
4111,forest
4113,mountain
4118,street
4121,buildings
4122,street
4123,buildings
4124,sea
4126,buildings
4127,sea
413,sea
4133,street
4135,street
4136,mountain
4138,buildings
4140,mountain
4149,sea
4150,buildings
4153,street
4157,sea
4164,sea
4166,glacier
4167,street
4168,street
4169,mountain
4170,mountain
4176,street
4179,glacier
4180,street
4183,street
4185,forest
4188,street
4190,forest
4195,sea
4196,buildings
4198,street
420,mountain
4200,mountain
4201,mountain
4203,buildings
4204,glacier
4206,buildings
4207,glacier
4212,forest
4213,glacier
4214,glacier
4216,street
4219,mountain
4220,street
4222,mountain
4223,buildings
4226,buildings
4229,buildings
423,sea
4236,forest
4237,street
424,mountain
4240,forest
4241,street
4242,mountain
4243,street
4245,glacier
4246,buildings
4247,sea
4248,street
425,mountain
4254,street
4262,street
4265,mountain
4268,buildings
4272,street
4274,forest
4277,glacier
4278,mountain
428,glacier
4280,sea
4282,street
4284,street
4285,forest
4286,street
4288,forest
429,sea
4291,street
4296,street
4298,buildings
4300,glacier
4302,forest
4305,sea
4309,mountain
4315,glacier
4318,mountain
4319,sea
4324,street
4325,glacier
4326,street
4328,street
4329,forest
4331,glacier
4333,street
4336,forest
434,sea
4343,buildings
4345,sea
4347,street
4349,glacier
435,forest
4350,sea
4353,mountain
4355,sea
4357,sea
436,mountain
4360,glacier
4361,glacier
4363,street
4364,street
4366,forest
4367,street
4369,street
4374,sea
4376,buildings
4379,forest
4391,sea
4394,street
4395,sea
4396,street
4402,forest
4405,street
4407,mountain
4409,glacier
4411,forest
4415,glacier
4416,forest
4418,forest
4419,mountain
442,forest
4420,street
4422,street
4424,street
4429,mountain
4430,glacier
4432,sea
4434,street
4438,street
4439,street
4443,mountain
4445,glacier
4447,street
4448,street
4449,street
4453,street
4454,forest
4462,glacier
4464,street
4468,buildings
4472,sea
4473,mountain
4477,glacier
4480,sea
4487,sea
4489,glacier
4490,glacier
4494,street
4495,street
4496,forest
4502,street
4503,buildings
4510,sea
4518,street
4519,street
452,forest
4521,mountain
4523,street
4524,street
4525,glacier
4526,mountain
453,mountain
4533,street
4535,street
4538,street
4542,buildings
4545,sea
4546,sea
4547,sea
4549,forest
4550,glacier
4559,forest
4562,street
4563,sea
4564,sea
4570,street
4572,street
4574,street
4577,street
458,buildings
4580,mountain
4583,street
4584,street
4585,forest
4586,mountain
4587,buildings
4588,sea
4591,street
4592,forest
4594,forest
4596,street
4597,street
4603,sea
4609,street
4610,glacier
4611,sea
4613,mountain
4614,street
4615,street
4618,street
4619,forest
462,forest
4625,mountain
4632,street
4635,buildings
4636,glacier
4637,forest
4641,street
4642,street
4643,glacier
4646,buildings
4649,street
465,mountain
4652,sea
4653,street
4655,sea
4656,street
4657,sea
4660,sea
4662,street
4664,mountain
4665,buildings
4668,sea
467,street
4670,glacier
4674,sea
4677,street
4680,forest
4681,street
4683,mountain
4684,street
4685,mountain
4687,buildings
4688,street
4689,mountain
4692,street
4693,street
4696,buildings
4697,sea
4698,glacier
4699,mountain
4701,glacier
4702,forest
4703,forest
4706,buildings
471,glacier
4710,forest
4712,mountain
4713,street
4714,buildings
4718,street
4719,buildings
4720,mountain
4721,forest
4722,forest
4724,forest
4726,street
4728,sea
4730,street
4732,street
4733,street
4734,street
4735,sea
4736,forest
4740,buildings
4743,street
4746,mountain
4749,sea
475,forest
4751,street
4753,glacier
4754,sea
4756,glacier
4757,forest
4758,mountain
4760,buildings
4764,glacier
4765,street
4766,sea
4769,sea
4772,sea
4773,street
4778,street
4780,buildings
4781,sea
4782,glacier
4783,sea
4784,glacier
4787,mountain
4792,buildings
4793,buildings
4799,sea
4801,glacier
4802,glacier
4804,glacier
4807,street
4809,street
4811,sea
4816,forest
4817,buildings
482,mountain
4823,sea
4825,buildings
4836,forest
4837,buildings
4842,sea
4843,glacier
4849,forest
485,sea
4853,glacier
4866,mountain
4867,sea
4869,sea
487,sea
4876,forest
4881,forest
4882,buildings
4885,glacier
4888,glacier
4894,glacier
4896,glacier
490,mountain
4903,glacier
4910,forest
4911,forest
4915,forest
4917,mountain
4919,forest
492,mountain
4921,mountain
4925,buildings
4926,glacier
4929,mountain
493,forest
4930,glacier
4931,sea
4933,forest
494,mountain
4944,sea
4946,mountain
4947,forest
4949,glacier
4955,glacier
4957,forest
4960,sea
4968,mountain
497,street
4976,sea
498,glacier
4984,sea
4986,glacier
499,glacier
4990,forest
4991,forest
4993,forest
4995,buildings
5,buildings
5000,street
5004,forest
5005,sea
5010,sea
5015,forest
5016,glacier
5020,street
5022,sea
5031,forest
5036,glacier
5057,glacier
5061,street
5066,glacier
5067,mountain
5068,buildings
507,forest
5070,forest
5072,buildings
5077,buildings
51,glacier
5100,forest
5103,forest
5106,sea
5107,buildings
5110,glacier
5112,mountain
5113,forest
5115,mountain
5125,street
5126,sea
5128,buildings
513,buildings
5130,buildings
5134,buildings
5137,mountain
5144,street
5146,buildings
515,street
5151,mountain
5157,mountain
5158,mountain
516,mountain
5162,forest
5164,buildings
5174,forest
5178,mountain
5179,street
5180,glacier
5181,glacier
5184,glacier
5187,buildings
5197,mountain
52,mountain
520,buildings
5200,buildings
5213,street
5218,glacier
522,mountain
5220,forest
5227,forest
5229,sea
5230,glacier
5232,sea
5236,glacier
5245,sea
5249,glacier
5251,sea
5254,mountain
5255,street
5259,buildings
5265,buildings
527,glacier
5274,street
5278,forest
528,sea
5282,buildings
5284,forest
5288,sea
5289,glacier
529,sea
5293,forest
5301,mountain
5303,glacier
531,glacier
5314,forest
5315,buildings
5320,glacier
5322,glacier
5328,mountain
5336,buildings
5346,glacier
5355,sea
536,glacier
5361,street
5364,glacier
5365,sea
5366,mountain
5367,street
5370,mountain
5374,mountain
5375,mountain
5376,mountain
5379,buildings
5380,sea
5383,glacier
5386,sea
5389,street
5391,glacier
5394,glacier
5402,glacier
5403,buildings
5408,street
5409,buildings
5415,forest
5420,forest
5421,mountain
5427,forest
5429,buildings
5430,sea
544,sea
5443,glacier
5445,buildings
5450,sea
5455,buildings
5457,mountain
5458,street
546,buildings
5460,glacier
5466,glacier
5467,buildings
5469,buildings
5472,buildings
5473,buildings
5475,mountain
5476,mountain
5478,sea
548,street
5480,mountain
5481,forest
5486,glacier
549,forest
5491,sea
5493,mountain
5497,forest
5499,forest
5502,sea
5503,street
5507,mountain
5509,mountain
5511,mountain
5520,sea
5525,glacier
5527,forest
5528,sea
553,mountain
5537,buildings
5541,forest
5545,mountain
5549,glacier
555,street
5550,street
5552,sea
5553,sea
5555,street
5558,buildings
5560,buildings
5562,sea
5564,mountain
5567,buildings
557,forest
5571,street
5580,glacier
5581,street
5585,sea
5589,glacier
5595,glacier
5596,buildings
5598,forest
560,forest
5608,street
5609,buildings
561,glacier
5619,glacier
5620,mountain
5621,forest
5623,forest
563,mountain
5639,mountain
5640,street
5645,sea
5646,sea
5647,mountain
565,forest
5651,street
5657,mountain
5659,mountain
5665,mountain
5667,street
5668,sea
5671,glacier
568,sea
5681,buildings
5685,buildings
5687,sea
5689,mountain
5690,glacier
5693,street
5699,sea
570,sea
5702,buildings
5706,mountain
5718,mountain
572,street
5723,street
5725,glacier
5732,forest
5733,forest
5734,sea
5736,sea
5737,buildings
5739,forest
5740,buildings
5745,sea
5746,sea
5749,street
575,forest
5751,mountain
5756,street
5762,forest
5765,forest
5766,mountain
577,sea
5773,glacier
5782,sea
5787,street
579,glacier
5793,glacier
5796,street
5800,street
5802,buildings
5803,sea
5806,buildings
5807,buildings
5813,buildings
5823,sea
5826,mountain
5827,mountain
5830,forest
5839,street
584,sea
5841,street
5844,glacier
5847,mountain
5851,sea
5854,sea
5856,buildings
5857,street
5859,forest
5862,street
5863,street
5864,glacier
5868,glacier
5871,forest
5876,mountain
588,forest
5881,street
5882,mountain
5887,sea
5888,mountain
5889,street
5894,street
5896,sea
5898,sea
590,street
5901,forest
5903,sea
5909,buildings
591,forest
5914,glacier
592,forest
5929,sea
593,glacier
5933,mountain
5934,mountain
5936,sea
5942,buildings
5945,glacier
5951,glacier
5953,buildings
5954,forest
5956,buildings
5957,sea
5959,glacier
5961,street
5962,sea
5966,forest
5967,buildings
5969,street
5975,forest
5979,mountain
598,sea
5981,buildings
5982,mountain
5986,glacier
5987,buildings
5991,mountain
5993,sea
5995,street
5996,glacier
5999,forest
6,sea
600,mountain
6001,mountain
601,glacier
6010,mountain
6013,glacier
6017,glacier
6025,mountain
6026,forest
6027,buildings
6031,buildings
6039,forest
6041,forest
6047,buildings
605,buildings
6051,mountain
6058,street
6059,street
6062,forest
6063,street
6066,street
6068,forest
6069,buildings
607,glacier
6071,forest
6074,buildings
6077,glacier
608,buildings
6082,glacier
6087,glacier
6089,street
609,forest
6090,street
6093,mountain
6094,sea
61,buildings
6108,mountain
6113,street
6116,street
6120,glacier
6121,sea
6122,forest
6133,forest
6134,glacier
614,street
6140,mountain
6141,glacier
6145,mountain
6148,forest
615,street
616,buildings
6162,street
6163,buildings
6164,buildings
6165,mountain
6168,glacier
6173,glacier
6176,street
6179,street
6181,sea
6183,forest
6185,buildings
6189,sea
619,forest
6191,glacier
6194,glacier
6198,mountain
6200,glacier
6202,street
6206,sea
6207,sea
6209,glacier
6211,street
6214,street
6217,street
6218,street
622,mountain
6228,glacier
6229,street
6234,sea
6245,forest
6246,sea
6247,mountain
6248,glacier
6250,mountain
6251,forest
6253,mountain
6255,mountain
6257,glacier
626,mountain
6288,sea
629,mountain
6291,mountain
6292,forest
6293,forest
6296,mountain
6297,sea
63,sea
630,sea
6300,glacier
6303,mountain
6304,buildings
6306,buildings
6308,sea
6318,sea
632,mountain
6320,buildings
6322,buildings
6329,mountain
633,sea
6332,street
6333,buildings
6348,forest
6349,glacier
6350,glacier
6351,mountain
6353,sea
6357,buildings
6361,buildings
6362,buildings
6365,sea
6371,buildings
6375,glacier
6376,street
638,glacier
6382,buildings
6390,forest
6397,sea
6399,forest
64,forest
6401,mountain
6403,glacier
6410,forest
6415,buildings
6419,street
6423,sea
6424,forest
6427,glacier
6431,mountain
6435,forest
6437,buildings
6438,buildings
6443,sea
6444,glacier
6446,buildings
6448,glacier
645,street
6450,mountain
6451,sea
6453,glacier
6459,buildings
646,mountain
6461,buildings
6462,mountain
6464,forest
6475,glacier
6476,forest
6478,street
6483,forest
6484,forest
6485,sea
6488,glacier
6489,forest
6491,glacier
6492,sea
6493,buildings
6497,mountain
6500,street
6504,forest
6513,mountain
6521,forest
6529,forest
653,street
6531,forest
6534,mountain
6536,forest
6539,street
6542,forest
6546,glacier
6547,sea
655,street
6554,sea
6556,forest
6557,sea
6559,street
656,street
6571,sea
6572,mountain
6574,sea
6577,mountain
6579,buildings
6580,glacier
6581,buildings
6582,buildings
6593,street
6595,street
6596,street
660,glacier
6604,forest
661,forest
6611,street
6612,buildings
6614,mountain
6615,forest
6617,sea
6621,street
6622,forest
6630,sea
6639,sea
6644,forest
6647,forest
6649,glacier
6650,street
6651,glacier
6658,mountain
6663,forest
6665,sea
667,forest
6672,forest
6674,mountain
6677,street
668,buildings
6681,glacier
6682,street
6688,glacier
6690,sea
6692,mountain
6693,buildings
6696,street
6701,street
6707,street
671,street
6715,sea
6717,buildings
672,forest
6721,street
6724,buildings
6725,sea
6727,glacier
6730,sea
6732,mountain
6733,glacier
6738,glacier
6739,street
6749,street
6751,sea
676,mountain
6764,mountain
6769,buildings
677,mountain
6772,sea
6774,mountain
6777,street
6781,mountain
6783,sea
6784,buildings
6785,glacier
6788,sea
6794,street
6797,buildings
6800,forest
6806,mountain
6807,glacier
6808,street
6811,glacier
6816,glacier
6819,sea
682,glacier
6822,buildings
6832,glacier
6835,mountain
6840,forest
6841,glacier
6846,forest
6850,street
6855,glacier
6857,mountain
6860,forest
6861,forest
6862,sea
6863,mountain
6872,mountain
6875,buildings
6879,street
6882,mountain
6885,sea
689,street
6892,street
69,street
6900,mountain
6901,street
6904,mountain
6906,sea
691,buildings
6916,glacier
6917,street
692,forest
6920,buildings
6921,sea
6922,glacier
6924,sea
6925,mountain
6930,glacier
6931,buildings
6938,glacier
6941,street
6943,street
6948,sea
695,mountain
6950,buildings
6951,glacier
6952,glacier
6957,street
6964,buildings
6965,glacier
6966,buildings
6974,buildings
6980,mountain
6988,sea
6989,forest
6992,buildings
6995,buildings
6999,sea
70,glacier
700,street
7001,sea
7005,sea
7011,mountain
7013,sea
7025,buildings
7028,street
7029,glacier
7034,buildings
7036,street
7043,sea
7044,mountain
705,street
7050,buildings
7055,buildings
7066,forest
7067,glacier
7068,glacier
7069,mountain
7070,sea
7075,mountain
7077,forest
7082,sea
7088,buildings
7089,buildings
709,mountain
7092,mountain
7094,sea
7099,street
7100,glacier
7104,buildings
7106,street
7107,forest
7109,buildings
7110,buildings
7112,sea
7115,sea
7117,forest
7119,buildings
7124,mountain
7130,mountain
7133,sea
7137,sea
7147,street
7148,glacier
7149,buildings
7153,street
7156,street
7158,glacier
7159,sea
7160,forest
7161,buildings
7162,forest
7177,mountain
718,sea
7182,sea
7183,glacier
7186,sea
7187,forest
7190,sea
7194,buildings
72,street
720,forest
7208,sea
7210,street
7211,mountain
7213,street
7217,mountain
7218,buildings
7219,buildings
7224,sea
7230,forest
7242,glacier
7243,street
7244,buildings
7249,street
7257,forest
7260,sea
7263,mountain
7266,mountain
7269,forest
7270,mountain
7272,forest
7273,mountain
7279,forest
7280,buildings
7283,street
7295,sea
7296,street
7299,forest
73,buildings
7301,forest
7304,glacier
7305,street
7310,mountain
7312,buildings
7315,street
7316,street
7317,forest
732,street
7322,sea
7329,sea
7334,street
7335,sea
734,buildings
7348,mountain
7349,buildings
7352,forest
7353,street
7356,mountain
736,buildings
7362,glacier
7368,mountain
7371,forest
7372,glacier
7376,street
7377,forest
738,mountain
7381,sea
7385,mountain
7389,street
7390,buildings
7391,buildings
7394,mountain
7395,sea
740,buildings
7403,forest
7405,sea
7406,sea
7407,buildings
7419,forest
7422,glacier
7423,sea
7426,buildings
7430,mountain
7432,buildings
7433,sea
7434,buildings
7435,mountain
7438,glacier
7444,sea
7446,glacier
745,buildings
7460,buildings
7465,glacier
7466,glacier
7467,sea
7468,street
7472,forest
7473,forest
7476,sea
7477,forest
7480,mountain
7481,glacier
7483,forest
7484,sea
7486,street
7488,buildings
7489,glacier
7497,glacier
7504,mountain
7508,buildings
7510,glacier
7511,mountain
7513,buildings
7514,glacier
7515,mountain
7516,mountain
7517,buildings
7519,mountain
7521,mountain
7524,buildings
7526,mountain
7528,glacier
7534,sea
7536,street
754,forest
7540,buildings
7548,forest
7554,buildings
7555,glacier
7557,mountain
7564,buildings
7566,sea
7567,sea
7568,street
7572,sea
7575,sea
7577,street
7579,street
7583,sea
7589,buildings
7592,buildings
7597,street
76,mountain
760,mountain
7605,street
7606,sea
7607,glacier
7608,street
761,mountain
7611,forest
7613,buildings
7614,street
7619,mountain
7622,sea
7623,mountain
7624,mountain
7631,buildings
7640,glacier
7643,forest
7649,mountain
7650,forest
7651,mountain
7657,mountain
766,sea
7660,glacier
7661,buildings
7663,forest
7670,forest
7676,glacier
7680,mountain
7682,glacier
7684,mountain
7685,sea
7688,mountain
7690,sea
7691,sea
7697,forest
77,buildings
7705,buildings
7707,sea
7714,sea
7723,street
7729,street
7732,sea
7733,forest
7736,buildings
7737,buildings
7738,sea
7739,glacier
774,sea
7740,mountain
7743,street
7750,street
7752,glacier
7753,buildings
7757,glacier
7761,mountain
7762,buildings
7765,glacier
7766,buildings
7768,buildings
777,mountain
7770,street
7772,forest
7776,mountain
7778,glacier
7779,forest
7782,sea
7783,street
7789,forest
779,glacier
7792,forest
7794,mountain
7796,forest
7797,forest
7800,buildings
7804,buildings
7808,sea
7809,buildings
7811,glacier
7815,forest
7817,buildings
7824,glacier
7830,glacier
7832,forest
7835,glacier
7843,street
7844,glacier
785,glacier
7855,glacier
7857,buildings
7858,buildings
7862,mountain
7864,mountain
7866,sea
7867,glacier
7869,buildings
787,forest
7870,forest
7871,glacier
7878,glacier
788,mountain
7880,mountain
7883,sea
7887,mountain
7894,glacier
7895,street
7896,mountain
7898,buildings
79,street
7903,forest
7904,buildings
7905,mountain
7907,buildings
7911,buildings
7917,buildings
7918,forest
792,glacier
7920,glacier
7921,glacier
7923,glacier
7925,mountain
7933,forest
7934,glacier
7938,glacier
794,forest
7943,glacier
7945,mountain
7954,buildings
7957,buildings
7958,buildings
7964,buildings
7968,sea
7969,sea
797,buildings
7970,sea
7974,buildings
7975,sea
7976,buildings
7978,sea
798,sea
7983,glacier
7986,mountain
7987,mountain
7988,forest
7989,sea
799,forest
7991,sea
7995,buildings
8000,street
8002,glacier
8004,buildings
8007,glacier
8008,mountain
8010,forest
8011,forest
8012,street
8013,forest
8015,street
8017,glacier
802,mountain
8020,forest
8024,street
803,glacier
8030,mountain
8035,mountain
8037,forest
8040,buildings
8046,sea
8050,street
8052,glacier
8057,sea
8059,street
806,mountain
8066,street
8067,buildings
8068,buildings
8071,glacier
8072,buildings
8075,mountain
8078,street
8079,glacier
8080,buildings
8082,mountain
8083,sea
8085,buildings
8091,buildings
8094,sea
8097,mountain
8099,sea
81,glacier
8101,buildings
8106,buildings
8108,buildings
811,buildings
8110,forest
8117,mountain
812,mountain
8123,forest
8127,sea
8128,mountain
8133,forest
8134,forest
8135,mountain
8141,buildings
8142,buildings
8144,forest
8147,mountain
8149,sea
8150,glacier
8154,buildings
8155,glacier
8157,glacier
8158,street
8160,mountain
8164,sea
8167,mountain
8168,mountain
817,mountain
8173,street
8174,sea
8175,sea
8176,buildings
818,glacier
8180,forest
8182,sea
8184,sea
8186,mountain
819,glacier
8190,sea
8197,sea
8215,buildings
8221,street
8226,street
8240,glacier
8247,buildings
8249,street
825,mountain
8251,forest
8257,glacier
8258,sea
826,sea
8263,sea
8264,glacier
8265,forest
8267,street
8268,sea
8270,glacier
8272,street
8279,street
828,glacier
8282,mountain
8284,buildings
8285,sea
8286,glacier
8287,buildings
8288,street
8289,mountain
8290,sea
830,mountain
8303,mountain
8305,street
831,forest
8310,buildings
8315,street
8316,buildings
8317,forest
8319,sea
832,mountain
8320,mountain
8321,buildings
8325,mountain
8326,buildings
833,mountain
8330,mountain
8332,street
8339,street
8341,street
8347,buildings
8359,glacier
836,sea
8361,forest
8368,forest
8369,glacier
837,buildings
8370,mountain
8378,buildings
8383,mountain
839,mountain
8391,forest
8395,mountain
8398,mountain
84,mountain
8400,forest
8401,sea
8403,forest
8405,glacier
841,mountain
8414,forest
8416,glacier
8417,mountain
8423,street
8426,forest
8429,forest
8432,mountain
8440,sea
8443,sea
8449,forest
8451,street
8454,sea
8456,buildings
8461,buildings
8463,buildings
8464,sea
8465,sea
8467,buildings
8468,mountain
8476,forest
8482,mountain
8483,mountain
8489,forest
849,buildings
8490,forest
8491,buildings
8493,buildings
8496,mountain
8504,glacier
8505,glacier
8506,street
8507,street
8508,glacier
8512,street
8516,glacier
8520,glacier
8522,buildings
8523,sea
8524,buildings
8534,street
854,buildings
8546,forest
8550,sea
8551,buildings
8552,buildings
8555,sea
8560,glacier
8568,buildings
8570,mountain
8572,glacier
8574,forest
8576,buildings
8578,sea
858,sea
8582,sea
8583,glacier
8586,sea
8593,street
8597,mountain
8609,sea
8614,glacier
862,sea
8620,mountain
8625,glacier
863,mountain
8632,sea
8638,street
8642,sea
8645,glacier
8646,street
8649,buildings
8650,forest
8651,sea
8652,forest
8654,street
8664,sea
8665,sea
8666,mountain
8667,street
8672,sea
8675,mountain
8677,sea
8678,street
8680,glacier
8681,glacier
870,mountain
8700,forest
8704,street
8710,buildings
8715,glacier
8718,glacier
8721,forest
8722,mountain
8726,buildings
8729,forest
873,glacier
8730,glacier
8736,forest
875,mountain
8753,buildings
8758,forest
8759,glacier
8763,buildings
8765,glacier
8770,buildings
8772,glacier
8776,forest
8781,street
8783,glacier
8784,mountain
8785,forest
8789,sea
8795,buildings
8799,forest
88,forest
8802,glacier
8804,buildings
8806,buildings
8808,sea
8809,street
881,glacier
8812,forest
8814,sea
8815,forest
8817,sea
8820,mountain
8823,sea
8828,buildings
8829,glacier
8833,forest
8836,sea
8839,mountain
8840,mountain
8846,glacier
8849,sea
885,glacier
8851,glacier
8852,street
8853,sea
8858,forest
8865,mountain
8869,mountain
8873,street
8874,street
8875,mountain
8877,forest
888,buildings
8887,mountain
8888,sea
8892,mountain
8893,forest
8894,glacier
890,forest
8910,glacier
8911,street
8916,sea
8917,street
8926,forest
8929,street
8935,buildings
8936,mountain
8941,forest
8943,sea
8944,forest
8945,buildings
8946,sea
895,glacier
8951,glacier
8956,sea
896,mountain
8967,sea
8968,buildings
8969,forest
8971,mountain
8972,glacier
8973,glacier
8979,glacier
8983,street
8986,mountain
8988,forest
8989,buildings
8990,forest
8992,street
8997,glacier
900,street
9001,sea
9005,glacier
9010,street
902,street
9020,sea
9021,mountain
9022,glacier
9024,forest
9026,street
9027,sea
9028,mountain
9030,mountain
9031,mountain
9038,forest
9039,street
9041,sea
9047,buildings
905,mountain
9052,street
9053,forest
9056,glacier
9062,sea
9063,sea
9066,street
9075,sea
9081,buildings
9082,buildings
9084,forest
9085,mountain
9086,mountain
9092,street
9094,forest
9098,buildings
9100,sea
9101,glacier
9107,street
911,mountain
9110,street
9111,sea
9113,glacier
9115,glacier
9121,sea
9122,sea
9123,forest
9128,sea
913,street
9130,street
9131,buildings
9132,sea
9134,sea
9136,street
9138,buildings
9139,mountain
9143,glacier
9144,glacier
9145,street
9150,glacier
9154,sea
9161,buildings
9162,forest
9165,sea
9168,mountain
917,sea
9170,forest
9175,sea
9177,buildings
9178,forest
918,mountain
9181,buildings
9183,mountain
9187,street
919,forest
9194,glacier
9197,buildings
920,buildings
9200,buildings
9203,glacier
9204,mountain
9205,glacier
9207,sea
921,forest
9210,mountain
9212,sea
9215,street
9225,glacier
9226,forest
9227,sea
9235,forest
9237,buildings
924,mountain
9240,mountain
9242,forest
9244,sea
9245,mountain
9247,glacier
9248,forest
9254,mountain
9255,mountain
9257,glacier
9259,buildings
926,glacier
9261,street
9264,forest
9265,buildings
9268,glacier
927,glacier
9270,buildings
9272,sea
9280,mountain
9284,glacier
9288,mountain
9293,forest
9294,forest
9295,street
9296,buildings
93,street
930,glacier
9302,sea
9303,mountain
9314,forest
9315,mountain
9316,glacier
9318,forest
9326,mountain
9328,glacier
9331,street
9333,sea
9336,mountain
9337,buildings
9341,forest
9347,mountain
935,buildings
9354,sea
936,sea
9361,street
9371,sea
9373,buildings
9374,glacier
9379,mountain
9380,forest
9382,buildings
9384,mountain
9386,buildings
939,mountain
9390,sea
9391,mountain
9392,street
9397,buildings
9398,glacier
940,mountain
9402,glacier
9403,glacier
9405,mountain
9411,forest
9414,mountain
9421,sea
9424,forest
9427,buildings
9428,street
9429,buildings
9431,sea
9433,forest
9435,mountain
9436,mountain
9437,sea
9438,mountain
944,forest
9440,street
9443,glacier
9451,mountain
9452,forest
9453,buildings
9461,glacier
9465,buildings
9469,sea
9470,mountain
9471,buildings
9476,buildings
9477,forest
9479,mountain
948,glacier
9486,sea
9488,glacier
949,buildings
9491,buildings
950,sea
9500,forest
9505,mountain
9508,mountain
9509,sea
951,mountain
9511,street
9513,glacier
9515,street
952,buildings
9523,sea
9524,street
9529,sea
9538,forest
9542,glacier
9543,buildings
9545,glacier
9546,mountain
9550,forest
9552,sea
9554,sea
9556,glacier
9557,forest
9559,sea
9562,glacier
9565,mountain
957,forest
9572,forest
9582,sea
9590,glacier
9591,glacier
9593,glacier
9594,glacier
9596,street
9598,forest
9599,glacier
9607,sea
961,buildings
9612,buildings
9614,glacier
9617,glacier
9618,sea
9619,buildings
9623,forest
9624,street
9626,sea
9629,sea
9630,buildings
9638,buildings
9640,street
9641,buildings
9651,forest
9654,sea
9660,glacier
9661,forest
9665,buildings
9668,sea
9677,forest
9678,sea
9679,street
9683,sea
9688,mountain
9691,sea
9694,sea
9697,forest
9700,forest
9702,mountain
9710,mountain
9711,mountain
9712,mountain
9713,sea
9721,street
9723,glacier
9724,buildings
9727,sea
973,mountain
9730,mountain
9732,street
9735,buildings
9738,street
9743,glacier
9747,sea
975,sea
9765,mountain
9772,sea
9775,glacier
9777,buildings
9783,sea
9786,sea
9790,sea
9791,mountain
9792,buildings
9794,sea
9795,buildings
9796,buildings
9802,mountain
9803,glacier
9804,glacier
9809,street
9816,street
9818,street
9823,buildings
9824,buildings
9826,mountain
9827,street
9828,glacier
9829,buildings
983,forest
9834,mountain
9836,street
9837,forest
9844,mountain
9845,street
9849,sea
985,glacier
9854,forest
9855,glacier
9858,forest
9864,street
9865,mountain
987,street
9870,glacier
9873,mountain
9876,glacier
9882,buildings
9886,mountain
9887,mountain
9889,mountain
989,buildings
9897,street
99,forest
9900,glacier
9902,sea
9909,glacier
9914,glacier
9915,buildings
9917,street
9920,glacier
9933,glacier
9936,sea
9939,forest
9940,sea
9945,mountain
9947,buildings
9949,forest
995,forest
9950,buildings
9954,street
996,mountain
9960,mountain
9963,street
9972,street
9973,sea
9975,glacier
9976,glacier
9982,sea
9986,mountain
9987,street
9988,street
9992,forest
9993,mountain
9995,forest
9996,street
